Timestamp,PE,ROE,EPS,Momentum,Volatility,VIX,SP500,Target,Sector,Ticker
1649736000.0,35.205063,1.5202099,7.9,0.9843628766856348,0.019404225062708946,24.260000228881836,4397.4501953125,2,Technology,AAPL
1712203200.0,35.205063,1.5202099,7.9,0.9445723432346379,0.013457681106906554,16.350000381469727,5147.2099609375,2,Technology,AAPL
1715918400.0,35.205063,1.5202099,7.9,0.9819007570631051,0.01747255872155724,11.989999771118164,5303.27001953125,2,Technology,AAPL
1723003200.0,35.205063,1.5202099,7.9,1.1230309558644396,0.017386359492038265,27.850000381469727,5199.5,2,Technology,AAPL
1743480000.0,35.205063,1.5202099,7.9,0.9692767064218366,0.01746356062220504,21.770000457763672,5633.06982421875,2,Technology,AAPL
1677819600.0,35.205063,1.5202099,7.9,1.0367183757418263,0.016498808016390788,18.489999771118164,4045.639892578125,2,Technology,AAPL
1769576400.0,35.205063,1.5202099,7.9,0.9956266972970332,0.010862640250995023,16.350000381469727,6978.02978515625,2,Technology,AAPL
1701320400.0,35.205063,1.5202099,7.9,1.0071109537166658,0.01085361790860576,12.920000076293945,4567.7998046875,2,Technology,AAPL
1641358800.0,35.205063,1.5202099,7.9,1.101095151386972,0.019590025325195368,19.729999542236328,4700.580078125,2,Technology,AAPL
1761019200.0,35.205063,1.5202099,7.9,1.0973110498243477,0.016966782458080473,17.8700008392334,6735.35009765625,2,Technology,AAPL
1669611600.0,25.118347,0.34390998,15.97,0.9388344536107844,0.02872725885301645,22.209999084472656,3963.93994140625,2,Technology,MSFT
1738904400.0,25.118347,0.34390998,15.97,1.0016765207448288,0.017957755693911996,16.540000915527344,6025.990234375,2,Technology,MSFT
1742443200.0,25.118347,0.34390998,15.97,0.9514241569571744,0.01384508774736133,19.799999237060547,5662.89013671875,2,Technology,MSFT
1646110800.0,25.118347,0.34390998,15.97,0.9376817953965633,0.020832186150320342,33.31999969482422,4306.259765625,2,Technology,MSFT
1728878400.0,25.118347,0.34390998,15.97,0.9840712106705727,0.011258690604083885,19.700000762939453,5859.85009765625,2,Technology,MSFT
1677646800.0,25.118347,0.34390998,15.97,1.0390069859335704,0.02056406553981218,20.579999923706055,3951.389892578125,2,Technology,MSFT
1748836800.0,25.118347,0.34390998,15.97,1.0565864529174809,0.017804223208316868,18.360000610351562,5935.93994140625,2,Technology,MSFT
1716868800.0,25.118347,0.34390998,15.97,0.9996039731522492,0.01287289607807026,12.920000076293945,5306.0400390625,2,Technology,MSFT
1690430400.0,25.118347,0.34390998,15.97,1.080402128873938,0.01741371428563087,14.40999984741211,4537.41015625,2,Technology,MSFT
1734411600.0,25.118347,0.34390998,15.97,1.0157822065532427,0.010587496804855302,15.869999885559082,6050.60986328125,2,Technology,MSFT
1665028800.0,45.893566,1.07359,4.04,0.8527794864359582,0.0360740947155146,30.520000457763672,3744.52001953125,0,Technology,NVDA
1665374400.0,45.893566,1.07359,4.04,0.8387770993742785,0.03425582435887261,32.45000076293945,3612.389892578125,0,Technology,NVDA
1623988800.0,45.893566,1.07359,4.04,1.0898743286643324,0.022818013540087802,20.700000762939453,4166.4501953125,0,Technology,NVDA
1665460800.0,45.893566,1.07359,4.04,0.8346000679209127,0.03409323834183523,33.630001068115234,3588.840087890625,0,Technology,NVDA
1652414400.0,45.893566,1.07359,4.04,0.8805389926468483,0.04639335715739446,28.8700008392334,4023.889892578125,0,Technology,NVDA
1653019200.0,45.893566,1.07359,4.04,0.8410870701597778,0.047511709743556736,29.43000030517578,3901.360107421875,0,Technology,NVDA
1671080400.0,45.893566,1.07359,4.04,1.0898616588614305,0.041933402569994296,22.829999923706055,3895.75,0,Technology,NVDA
1670216400.0,45.893566,1.07359,4.04,1.0128246323491055,0.040750268815349544,20.75,3998.840087890625,0,Technology,NVDA
1668056400.0,45.893566,1.07359,4.04,0.8648752805744107,0.04301747141497661,23.530000686645508,3956.3701171875,0,Technology,NVDA
1664337600.0,45.893566,1.07359,4.04,0.8984492781212733,0.03512586203722519,30.18000030517578,3719.0400390625,0,Technology,NVDA
1633406400.0,45.893566,1.07359,4.04,1.088246426749009,0.02044115642822988,21.299999237060547,4345.72021484375,1,Technology,NVDA
1625112000.0,45.893566,1.07359,4.04,1.1611967411882351,0.01959311438550363,15.479999542236328,4319.93994140625,1,Technology,NVDA
1651550400.0,45.893566,1.07359,4.04,0.946500186941681,0.040894137727339214,29.25,4175.47998046875,1,Technology,NVDA
1634616000.0,45.893566,1.07359,4.04,1.045794450914668,0.021243478780746294,15.699999809265137,4519.6298828125,1,Technology,NVDA
1647230400.0,45.893566,1.07359,4.04,0.8786966994372686,0.04426912353944228,31.770000457763672,4173.10986328125,1,Technology,NVDA
1646629200.0,45.893566,1.07359,4.04,0.8759932111627973,0.04362035130382389,36.45000076293945,4201.08984375,1,Technology,NVDA
1630296000.0,45.893566,1.07359,4.04,1.1169163214055262,0.02106931853448358,16.190000534057617,4528.7900390625,1,Technology,NVDA
1647316800.0,45.893566,1.07359,4.04,0.8781464752610436,0.044561063373378985,29.829999923706055,4262.4501953125,1,Technology,NVDA
1676264400.0,45.893566,1.07359,4.04,1.1570728010072533,0.03463159240646395,20.34000015258789,4137.2900390625,1,Technology,NVDA
1629172800.0,45.893566,1.07359,4.04,1.124447042659622,0.0203909083723158,17.90999984741211,4448.080078125,1,Technology,NVDA
1767848400.0,45.893566,1.07359,4.04,0.9947514560150037,0.018021132080237676,15.449999809265137,6921.4599609375,2,Technology,NVDA
1708405200.0,45.893566,1.07359,4.04,1.2132739840458646,0.02352104173982302,15.420000076293945,4975.509765625,2,Technology,NVDA
1705899600.0,45.893566,1.07359,4.04,1.0834307636064295,0.01954864648089996,13.1899995803833,4850.43017578125,2,Technology,NVDA
1736744400.0,45.893566,1.07359,4.04,1.0345833503625907,0.025331845147432478,19.190000534057617,5836.22021484375,2,Technology,NVDA
1741579200.0,45.893566,1.07359,4.04,0.9305800154628364,0.050207926952331526,27.860000610351562,5614.56005859375,2,Technology,NVDA
1715659200.0,45.893566,1.07359,4.04,1.104386601474752,0.03398331195827025,13.420000076293945,5246.68017578125,2,Technology,NVDA
1756094400.0,45.893566,1.07359,4.04,1.1888018971061207,0.01652486804699165,14.789999961853027,6439.31982421875,2,Technology,NVDA
1722484800.0,45.893566,1.07359,4.04,1.1544562086559187,0.04455086810819932,18.59000015258789,5446.68017578125,2,Technology,NVDA
1681704000.0,45.893566,1.07359,4.04,1.2275829177459818,0.020735487368559975,16.950000762939453,4151.31982421875,2,Technology,NVDA
1635825600.0,45.893566,1.07359,4.04,1.049660239647684,0.023849826366271892,16.030000686645508,4630.64990234375,2,Technology,NVDA
1637902800.0,26.896423,0.69026,5.31,1.0431851820094702,0.009378032727221566,28.6200008392334,4594.6201171875,2,Technology,ORCL
1651032000.0,26.896423,0.69026,5.31,0.9870385168010805,0.015382896298554079,31.600000381469727,4183.9599609375,2,Technology,ORCL
1713844800.0,26.896423,0.69026,5.31,1.0820599543155272,0.024324933043628028,15.6899995803833,5070.5498046875,2,Technology,ORCL
1709614800.0,26.896423,0.69026,5.31,1.0300701288036598,0.01477244332672268,14.460000038146973,5078.64990234375,2,Technology,ORCL
1633060800.0,26.896423,0.69026,5.31,1.034427629023884,0.013713673744189187,21.100000381469727,4357.0400390625,2,Technology,ORCL
1699333200.0,26.896423,0.69026,5.31,0.9431681210614302,0.01592234127021571,14.8100004196167,4378.3798828125,2,Technology,ORCL
1754884800.0,26.896423,0.69026,5.31,1.2880771330802916,0.020442621616557327,16.25,6373.4501953125,2,Technology,ORCL
1664942400.0,26.896423,0.69026,5.31,0.9746411522071502,0.019476851195764,28.549999237060547,3783.280029296875,2,Technology,ORCL
1644296400.0,26.896423,0.69026,5.31,0.9311362432742225,0.01213015525911374,21.440000534057617,4521.5400390625,2,Technology,ORCL
1700024400.0,26.896423,0.69026,5.31,0.958301708597154,0.016241170931671104,14.180000305175781,4502.8798828125,2,Technology,ORCL
1679976000.0,16.080288,0.55426,16.69,1.0057836659930015,0.02566781135317968,19.969999313354492,3971.27001953125,2,Technology,ADBE
1753156800.0,16.080288,0.55426,16.69,0.9965120680229246,0.01780892376066753,16.5,6309.6201171875,2,Technology,ADBE
1729828800.0,16.080288,0.55426,16.69,0.9419513987707221,0.016075566888948345,20.329999923706055,5808.1201171875,2,Technology,ADBE
1714104000.0,16.080288,0.55426,16.69,0.8826007838863944,0.028325225103339017,15.029999732971191,5099.9599609375,2,Technology,ADBE
1658980800.0,16.080288,0.55426,16.69,0.9352406067131481,0.0221858281711924,22.329999923706055,4072.429931640625,2,Technology,ADBE
1648526400.0,16.080288,0.55426,16.69,0.8476750283590934,0.0343361642970566,18.899999618530273,4631.60009765625,2,Technology,ADBE
1657857600.0,16.080288,0.55426,16.69,0.9407482527966666,0.026565361860584405,24.229999542236328,3863.159912109375,2,Technology,ADBE
1660536000.0,16.080288,0.55426,16.69,1.0005298095914075,0.01985491706822967,19.950000762939453,4297.14013671875,2,Technology,ADBE
1691640000.0,16.080288,0.55426,16.69,1.1740503319092233,0.01539996729989978,15.850000381469727,4468.830078125,2,Technology,ADBE
1686801600.0,16.080288,0.55426,16.69,1.0599550023797342,0.025423189471684062,14.5,4425.83984375,2,Technology,ADBE
1759291200.0,25.581553,0.12184,7.48,0.9620559649804942,0.018189360278572222,16.290000915527344,6711.2001953125,2,Technology,CRM
1669093200.0,25.581553,0.12184,7.48,0.9404382279067202,0.03305957562668589,21.290000915527344,4003.580078125,2,Technology,CRM
1653451200.0,25.581553,0.12184,7.48,0.8704892041287489,0.031245542699578934,28.3700008392334,3978.72998046875,2,Technology,CRM
1642136400.0,25.581553,0.12184,7.48,0.9160649084189388,0.02268971562356409,19.190000534057617,4662.85009765625,2,Technology,CRM
1684814400.0,25.581553,0.12184,7.48,1.089291601544743,0.013753329101080312,18.530000686645508,4145.580078125,2,Technology,CRM
1627272000.0,25.581553,0.12184,7.48,1.056797287970572,0.010462707149180179,17.579999923706055,4422.2998046875,2,Technology,CRM
1684296000.0,25.581553,0.12184,7.48,1.0928034187893605,0.013523888537381339,16.8700008392334,4158.77001953125,2,Technology,CRM
1638248400.0,25.581553,0.12184,7.48,1.0906609071905853,0.015408369796748218,27.190000534057617,4567.0,2,Technology,CRM
1760673600.0,25.581553,0.12184,7.48,0.9640031136294871,0.01923607548136835,20.780000686645508,6664.009765625,2,Technology,CRM
1763528400.0,25.581553,0.12184,7.48,0.9980270930464741,0.023178998107308522,23.65999984741211,6642.16015625,2,Technology,CRM
1722484800.0,0.0,0.00022,-0.06,0.9702683665693868,0.024556420743596354,18.59000015258789,5446.68017578125,1,Technology,INTC
1702616400.0,0.0,0.00022,-0.06,1.1215533170042675,0.021818063616554827,12.279999732971191,4719.18994140625,1,Technology,INTC
1628222400.0,0.0,0.00022,-0.06,0.958951902987573,0.015297148711845662,16.149999618530273,4436.52001953125,1,Technology,INTC
1695787200.0,0.0,0.00022,-0.06,1.0454934912779594,0.022623903832157136,18.219999313354492,4274.509765625,1,Technology,INTC
1761624000.0,0.0,0.00022,-0.06,1.3087292105955013,0.05238924641920968,16.420000076293945,6890.89013671875,1,Technology,INTC
1715832000.0,0.0,0.00022,-0.06,0.8252385551539292,0.024303942743734434,12.420000076293945,5297.10009765625,1,Technology,INTC
1658721600.0,0.0,0.00022,-0.06,0.8845432273443307,0.019918319936592606,23.360000610351562,3966.840087890625,1,Technology,INTC
1631246400.0,0.0,0.00022,-0.06,0.9730890121444408,0.00795054068684823,20.950000762939453,4458.580078125,1,Technology,INTC
1665979200.0,0.0,0.00022,-0.06,0.82894289446274,0.025138063597497484,31.3700008392334,3677.949951171875,1,Technology,INTC
1758254400.0,0.0,0.00022,-0.06,1.0878341571958103,0.05111795713742493,15.449999809265137,6664.35986328125,1,Technology,INTC
1634788800.0,32.749035,0.22418,2.59,1.0069107406869415,0.010951662442183032,15.010000228881836,4549.77978515625,2,Technology,CSCO
1668488400.0,32.749035,0.22418,2.59,0.985512647611275,0.017071685605070497,24.540000915527344,3991.72998046875,2,Technology,CSCO
1739336400.0,32.749035,0.22418,2.59,1.0414914349914537,0.011949393192293998,15.890000343322754,6051.97021484375,2,Technology,CSCO
1710820800.0,32.749035,0.22418,2.59,0.9915504375086359,0.009076984227927281,13.819999694824219,5178.509765625,2,Technology,CSCO
1708578000.0,32.749035,0.22418,2.59,1.0010609662358576,0.01128889155466898,14.539999961853027,5087.02978515625,2,Technology,CSCO
1765429200.0,32.749035,0.22418,2.59,1.0700577045917388,0.01616272768494906,14.850000381469727,6901.0,2,Technology,CSCO
1736312400.0,32.749035,0.22418,2.59,1.0617441229650795,0.007374175977384062,17.700000762939453,5918.25,2,Technology,CSCO
1686283200.0,32.749035,0.22418,2.59,0.987776245019842,0.009441242363264086,13.829999923706055,4298.85986328125,2,Technology,CSCO
1637125200.0,32.749035,0.22418,2.59,1.0016515794298249,0.009841171594473737,17.110000610351562,4688.669921875,2,Technology,CSCO
1668574800.0,32.749035,0.22418,2.59,0.9868602897764429,0.017254550651426503,24.110000610351562,3958.7900390625,2,Technology,CSCO
1646715600.0,79.862076,0.07082,2.61,0.8727398651631205,0.04757304957364367,35.130001068115234,4170.7001953125,2,Technology,AMD
1701838800.0,79.862076,0.07082,2.61,1.0522302329311235,0.02745084224886455,12.970000267028809,4549.33984375,2,Technology,AMD
1749009600.0,79.862076,0.07082,2.61,1.021201463794352,0.0231795471782251,17.610000610351562,5970.81005859375,2,Technology,AMD
1708405200.0,79.862076,0.07082,2.61,1.2292426004783719,0.03229841105602296,15.420000076293945,4975.509765625,2,Technology,AMD
1656043200.0,79.862076,0.07082,2.61,0.9315261267052661,0.04421657618084617,27.229999542236328,3911.739990234375,2,Technology,AMD
1767589200.0,79.862076,0.07082,2.61,1.0330497211945016,0.029555926112798225,14.899999618530273,6902.0498046875,2,Technology,AMD
1747195200.0,79.862076,0.07082,2.61,0.9040301905233165,0.06022053817630673,18.6200008392334,5892.580078125,2,Technology,AMD
1724385600.0,79.862076,0.07082,2.61,0.9393365106332229,0.03713226237856809,15.859999656677246,5634.60986328125,2,Technology,AMD
1691640000.0,79.862076,0.07082,2.61,1.0611294226866446,0.024094032198755496,15.850000381469727,4468.830078125,2,Technology,AMD
1693972800.0,79.862076,0.07082,2.61,0.9924147467396653,0.0292648980776992,14.449999809265137,4465.47998046875,2,Technology,AMD
1637125200.0,26.809866,0.35158002,11.15,0.9641953128681733,0.01964894916818601,17.110000610351562,4688.669921875,1,Technology,IBM
1635220800.0,26.809866,0.35158002,11.15,0.9896443356761027,0.02049653252288757,15.979999542236328,4574.7900390625,1,Technology,IBM
1635739200.0,26.809866,0.35158002,11.15,0.9857165933160572,0.02067445336712761,16.40999984741211,4613.669921875,1,Technology,IBM
1638162000.0,26.809866,0.35158002,11.15,0.9401593846393781,0.01958623730029054,22.959999084472656,4655.27001953125,1,Technology,IBM
1637038800.0,26.809866,0.35158002,11.15,0.9673239894035196,0.01965015061428222,16.3700008392334,4700.89990234375,1,Technology,IBM
1636606800.0,26.809866,0.35158002,11.15,0.9769690602178615,0.020719809691030416,17.65999984741211,4649.27001953125,1,Technology,IBM
1638421200.0,26.809866,0.35158002,11.15,0.930657316342522,0.019525883775013683,27.950000762939453,4577.10009765625,1,Technology,IBM
1637902800.0,26.809866,0.35158002,11.15,0.943781179632881,0.019044803839000975,28.6200008392334,4594.6201171875,1,Technology,IBM
1636693200.0,26.809866,0.35158002,11.15,0.9738204756891755,0.01972671312828895,16.290000915527344,4682.85009765625,1,Technology,IBM
1638507600.0,26.809866,0.35158002,11.15,0.9311600797590787,0.009712121586929799,30.670000076293945,4538.43017578125,1,Technology,IBM
1648094400.0,26.809866,0.35158002,11.15,0.9981446413068195,0.012095133446579979,21.670000076293945,4520.16015625,2,Technology,IBM
1728964800.0,26.809866,0.35158002,11.15,1.122517431386217,0.010329225469673409,20.639999389648438,5815.259765625,2,Technology,IBM
1654574400.0,26.809866,0.35158002,11.15,1.0371488831587674,0.01829752891714235,24.020000457763672,4160.68017578125,2,Technology,IBM
1624420800.0,26.809866,0.35158002,11.15,1.0733471399142744,0.01019914548295873,16.31999969482422,4241.83984375,2,Technology,IBM
1668402000.0,26.809866,0.35158002,11.15,1.0048398105123555,0.017887649494495197,23.729999542236328,3957.25,2,Technology,IBM
1663732800.0,26.809866,0.35158002,11.15,0.9837129551402308,0.012161552246980407,27.989999771118164,3789.929931640625,2,Technology,IBM
1630468800.0,26.809866,0.35158002,11.15,0.9907582080120868,0.007968470889062718,16.110000610351562,4524.08984375,2,Technology,IBM
1660536000.0,26.809866,0.35158002,11.15,0.9956779950429111,0.01443608461488454,19.950000762939453,4297.14013671875,2,Technology,IBM
1716955200.0,26.809866,0.35158002,11.15,0.9444713455437577,0.01740673157994693,14.279999732971191,5266.9501953125,2,Technology,IBM
1704344400.0,26.809866,0.35158002,11.15,1.0760238837473333,0.00680382824258389,14.130000114440918,4688.68017578125,2,Technology,IBM
1726545600.0,16.103895,0.16134001,20.02,1.034198950259659,0.014969037988077461,17.610000610351562,5634.580078125,0,Financials,JPM
1697601600.0,16.103895,0.16134001,20.02,0.989975425902028,0.008819098309595697,19.219999313354492,4314.60009765625,0,Financials,JPM
1654142400.0,16.103895,0.16134001,20.02,0.9186408566567653,0.021450996757757634,24.719999313354492,4176.81982421875,0,Financials,JPM
1648440000.0,16.103895,0.16134001,20.02,0.9283543800220653,0.022161254683013058,19.6299991607666,4575.52001953125,0,Financials,JPM
1639630800.0,16.103895,0.16134001,20.02,1.002917471201398,0.012538794258323292,20.56999969482422,4668.669921875,0,Financials,JPM
1712635200.0,16.103895,0.16134001,20.02,1.088184653569415,0.008812328443725242,14.979999542236328,5209.91015625,0,Financials,JPM
1630036800.0,16.103895,0.16134001,20.02,0.9933728114553474,0.01279739715224896,16.389999389648438,4509.3701171875,0,Financials,JPM
1629345600.0,16.103895,0.16134001,20.02,0.9920769640666436,0.014585156185898573,21.670000076293945,4405.7998046875,0,Financials,JPM
1697515200.0,16.103895,0.16134001,20.02,0.9900347373735556,0.008561013519766724,17.8799991607666,4373.2001953125,0,Financials,JPM
1676005200.0,16.103895,0.16134001,20.02,1.065195115895946,0.011452654588676045,20.530000686645508,4090.4599609375,0,Financials,JPM
1730260800.0,16.103895,0.16134001,20.02,1.0239449949709734,0.012687199964085445,20.350000381469727,5813.669921875,1,Financials,JPM
1728964800.0,16.103895,0.16134001,20.02,1.015770723751383,0.01710827699162455,20.639999389648438,5815.259765625,1,Financials,JPM
1744862400.0,16.103895,0.16134001,20.02,0.948091507374617,0.029913026626029744,29.649999618530273,5282.7001953125,1,Financials,JPM
1735621200.0,16.103895,0.16134001,20.02,1.0703303401268585,0.011033377076157582,17.350000381469727,5881.6298828125,1,Financials,JPM
1733720400.0,16.103895,0.16134001,20.02,1.0811778357333006,0.02444109390754284,14.1899995803833,6052.85009765625,1,Financials,JPM
1738558800.0,16.103895,0.16134001,20.02,1.0594505958765852,0.011552463979566378,18.6200008392334,5994.56982421875,1,Financials,JPM
1735189200.0,16.103895,0.16134001,20.02,1.0756562777491172,0.011241252045600962,14.729999542236328,6037.58984375,1,Financials,JPM
1744776000.0,16.103895,0.16134001,20.02,0.9493963937380945,0.030013747481828747,32.63999938964844,5275.7001953125,1,Financials,JPM
1738213200.0,16.103895,0.16134001,20.02,1.0569570457480022,0.011586872551287269,15.84000015258789,6071.169921875,1,Financials,JPM
1737608400.0,16.103895,0.16134001,20.02,1.0541033663718713,0.012306712397976604,15.020000457763672,6118.7099609375,1,Financials,JPM
1764046800.0,16.103895,0.16134001,20.02,1.0118724622828434,0.013049922486719864,18.559999465942383,6765.8798828125,2,Financials,JPM
1758513600.0,16.103895,0.16134001,20.02,1.0476967623594393,0.010083522142429352,16.100000381469727,6693.75,2,Financials,JPM
1751342400.0,16.103895,0.16134001,20.02,1.072623701308932,0.009513725865853634,16.829999923706055,6198.009765625,2,Financials,JPM
1756353600.0,16.103895,0.16134001,20.02,1.0652693136275682,0.009868375989555069,14.430000305175781,6501.85986328125,2,Financials,JPM
1761624000.0,16.103895,0.16134001,20.02,1.0322533362629132,0.01162597936364571,16.420000076293945,6890.89013671875,2,Financials,JPM
1767157200.0,16.103895,0.16134001,20.02,1.0169993878105312,0.015024949728449944,14.949999809265137,6845.5,2,Financials,JPM
1738731600.0,16.103895,0.16134001,20.02,1.06430889725596,0.009088072046781685,15.770000457763672,6061.47998046875,2,Financials,JPM
1760932800.0,16.103895,0.16134001,20.02,1.042386976267361,0.01114624093296869,18.229999542236328,6735.1298828125,2,Financials,JPM
1753934400.0,16.103895,0.16134001,20.02,1.1000249610388653,0.01103591308172128,16.719999313354492,6339.39013671875,2,Financials,JPM
1757044800.0,16.103895,0.16134001,20.02,1.0564870271286495,0.011326529432469085,15.180000305175781,6481.5,2,Financials,JPM
1706850000.0,14.83727,0.1019,3.81,1.1118141913916828,0.012856018146602857,13.850000381469727,4958.60986328125,0,Financials,BAC
1735534800.0,14.83727,0.1019,3.81,1.0768758463662738,0.011089207024619923,17.399999618530273,5906.93994140625,0,Financials,BAC
1737608400.0,14.83727,0.1019,3.81,1.0395306693507596,0.013487514934067222,15.020000457763672,6118.7099609375,0,Financials,BAC
1731560400.0,14.83727,0.1019,3.81,1.0463848785243206,0.02015769461043018,14.3100004196167,5949.169921875,0,Financials,BAC
1737003600.0,14.83727,0.1019,3.81,1.048083556677353,0.013186336041404297,16.600000381469727,5937.33984375,0,Financials,BAC
1688961600.0,14.83727,0.1019,3.81,0.9973166768433321,0.013291097981641065,15.069999694824219,4409.52978515625,0,Financials,BAC
1758513600.0,14.83727,0.1019,3.81,1.0550403951546925,0.010818198948242685,16.100000381469727,6693.75,0,Financials,BAC
1632888000.0,14.83727,0.1019,3.81,1.013832327360863,0.015845186456966528,22.559999465942383,4359.4599609375,0,Financials,BAC
1627444800.0,14.83727,0.1019,3.81,0.9839473518153758,0.01879778075561153,18.309999465942383,4400.64013671875,0,Financials,BAC
1697601600.0,14.83727,0.1019,3.81,0.9539910862940667,0.012829623418945117,19.219999313354492,4314.60009765625,0,Financials,BAC
1767589200.0,14.83727,0.1019,3.81,1.0390320298205842,0.009769011909571856,14.899999618530273,6902.0498046875,1,Financials,BAC
1764824400.0,14.83727,0.1019,3.81,1.043710346045,0.011249064605355524,15.779999732971191,6857.1201171875,1,Financials,BAC
1766725200.0,14.83727,0.1019,3.81,1.0345422918409308,0.010609748100100399,13.600000381469727,6929.93994140625,1,Financials,BAC
1767762000.0,14.83727,0.1019,3.81,1.0430579212307804,0.010458641558622639,15.380000114440918,6920.93017578125,1,Financials,BAC
1769662800.0,14.83727,0.1019,3.81,1.029459533062247,0.013565307438835099,16.8799991607666,6969.009765625,1,Financials,BAC
1765170000.0,14.83727,0.1019,3.81,1.0432585616354864,0.010742950377492191,16.65999984741211,6846.509765625,1,Financials,BAC
1770008400.0,14.83727,0.1019,3.81,1.0272201539100554,0.013800104591023148,16.34000015258789,6976.43994140625,1,Financials,BAC
1763096400.0,14.83727,0.1019,3.81,1.0420601988983977,0.015581601189492119,19.829999923706055,6734.10986328125,1,Financials,BAC
1768280400.0,14.83727,0.1019,3.81,1.0456723180089802,0.01079212254856035,15.979999542236328,6963.740234375,1,Financials,BAC
1765515600.0,14.83727,0.1019,3.81,1.0394128048380542,0.010928958423099872,15.739999771118164,6827.41015625,1,Financials,BAC
1680667200.0,18.083138,0.13885,51.36,0.9483491814655705,0.019825946287791062,19.079999923706055,4090.3798828125,0,Financials,GS
1715659200.0,18.083138,0.13885,51.36,1.0583326752598667,0.01353851916977778,13.420000076293945,5246.68017578125,0,Financials,GS
1623988800.0,18.083138,0.13885,51.36,1.0745074213835863,0.015496855970314222,20.700000762939453,4166.4501953125,0,Financials,GS
1653624000.0,18.083138,0.13885,51.36,0.9508794612644523,0.02150961784277945,25.719999313354492,4158.240234375,0,Financials,GS
1678766400.0,18.083138,0.13885,51.36,0.9984971555349585,0.01744603751939183,23.729999542236328,3919.2900390625,0,Financials,GS
1672376400.0,18.083138,0.13885,51.36,1.0711042658528425,0.01194810733969428,21.670000076293945,3839.5,0,Financials,GS
1624420800.0,18.083138,0.13885,51.36,1.0667603352954256,0.015488494231796988,16.31999969482422,4241.83984375,0,Financials,GS
1707195600.0,18.083138,0.13885,51.36,1.1067905219578105,0.0089544836396636,13.0600004196167,4954.22998046875,0,Financials,GS
1725422400.0,18.083138,0.13885,51.36,1.0513715224169886,0.019339275954453165,21.31999969482422,5520.06982421875,0,Financials,GS
1699938000.0,18.083138,0.13885,51.36,0.9552868776958844,0.016248033061290496,14.15999984741211,4495.7001953125,0,Financials,GS
1747972800.0,18.083138,0.13885,51.36,0.9632410240791318,0.01636223108304402,22.290000915527344,5802.81982421875,1,Financials,GS
1749787200.0,18.083138,0.13885,51.36,1.038118877625213,0.014942983363265506,20.81999969482422,5976.97021484375,1,Financials,GS
1740632400.0,18.083138,0.13885,51.36,1.0775104101960966,0.017749055656329997,21.1299991607666,5861.56982421875,1,Financials,GS
1748491200.0,18.083138,0.13885,51.36,0.9819117014348878,0.01718919740304541,19.18000030517578,5912.169921875,1,Financials,GS
1749528000.0,18.083138,0.13885,51.36,1.0248153715718802,0.01431031765591717,16.950000762939453,6038.81005859375,1,Financials,GS
1732251600.0,18.083138,0.13885,51.36,1.0791721783986112,0.027575211021754583,15.239999771118164,5969.33984375,1,Financials,GS
1737522000.0,18.083138,0.13885,51.36,1.0600908591992697,0.018432309204224524,15.100000381469727,6086.3701171875,1,Financials,GS
1740978000.0,18.083138,0.13885,51.36,1.074682331198637,0.01563737252596853,22.780000686645508,5849.72021484375,1,Financials,GS
1749182400.0,18.083138,0.13885,51.36,1.0157262829211202,0.0143096246835068,16.770000457763672,6000.35986328125,1,Financials,GS
1753070400.0,18.083138,0.13885,51.36,1.1339244269880229,0.012854283561831518,16.649999618530273,6305.60009765625,1,Financials,GS
1763442000.0,18.083138,0.13885,51.36,1.0295593705361834,0.0179457774591449,24.690000534057617,6617.31982421875,2,Financials,GS
1759982400.0,18.083138,0.13885,51.36,1.0812725644996715,0.01213985890663745,16.43000030517578,6735.10986328125,2,Financials,GS
1757563200.0,18.083138,0.13885,51.36,1.0883540784651915,0.015388810412408076,14.710000038146973,6587.47021484375,2,Financials,GS
1763010000.0,18.083138,0.13885,51.36,1.0344710122802077,0.01754932161519719,20.0,6737.490234375,2,Financials,GS
1758168000.0,18.083138,0.13885,51.36,1.0852037930691185,0.014343527142053898,15.699999809265137,6631.9599609375,2,Financials,GS
1769144400.0,18.083138,0.13885,51.36,1.1019130115852052,0.018940659807188762,16.09000015258789,6915.60986328125,2,Financials,GS
1759896000.0,18.083138,0.13885,51.36,1.0827670377593794,0.01212808685895902,16.299999237060547,6753.72021484375,2,Financials,GS
1762491600.0,18.083138,0.13885,51.36,1.0373371478277484,0.014393372488212462,19.079999923706055,6728.7998046875,2,Financials,GS
1762146000.0,18.083138,0.13885,51.36,1.0444657832024937,0.014737371129645023,17.170000076293945,6851.97021484375,2,Financials,GS
1765429200.0,18.083138,0.13885,51.36,1.0435809577674304,0.016143696103296454,14.850000381469727,6901.0,2,Financials,GS
1636347600.0,17.643139,0.15729,10.2,1.012298156976421,0.015741045328226382,17.219999313354492,4701.7001953125,0,Financials,MS
1711080000.0,17.643139,0.15729,10.2,1.0158448137340417,0.01672914278102421,13.0600004196167,5234.18017578125,0,Financials,MS
1663128000.0,17.643139,0.15729,10.2,1.0720441462805257,0.015309694473630663,26.15999984741211,3946.010009765625,0,Financials,MS
1678939200.0,17.643139,0.15729,10.2,1.0510634693228684,0.01647152419838893,22.989999771118164,3960.280029296875,0,Financials,MS
1684468800.0,17.643139,0.15729,10.2,0.9508808509784016,0.015473328436176223,16.809999465942383,4191.97998046875,0,Financials,MS
1637038800.0,17.643139,0.15729,10.2,1.0076275802855448,0.012846081880238783,16.3700008392334,4700.89990234375,0,Financials,MS
1627876800.0,17.643139,0.15729,10.2,1.0540616259031355,0.01677785114073307,19.459999084472656,4387.16015625,0,Financials,MS
1629950400.0,17.643139,0.15729,10.2,1.081985477382424,0.013954515633181652,18.84000015258789,4470.0,0,Financials,MS
1694664000.0,17.643139,0.15729,10.2,1.0026108846502093,0.010708664886734057,12.819999694824219,4505.10009765625,0,Financials,MS
1636434000.0,17.643139,0.15729,10.2,1.0107295786909993,0.014849466949654598,17.780000686645508,4685.25,0,Financials,MS
1745899200.0,17.643139,0.15729,10.2,0.9145112601793995,0.036741012433218735,24.170000076293945,5560.830078125,1,Financials,MS
1747800000.0,17.643139,0.15729,10.2,0.9568484914925823,0.028158329664568566,20.8700008392334,5844.60986328125,1,Financials,MS
1736485200.0,17.643139,0.15729,10.2,1.0805014411747231,0.015496935918068387,19.540000915527344,5827.0400390625,1,Financials,MS
1731906000.0,17.643139,0.15729,10.2,1.1261351888536246,0.026692072556540693,15.579999923706055,5893.6201171875,1,Financials,MS
1749441600.0,17.643139,0.15729,10.2,1.0239946102984627,0.014606406932853503,17.15999984741211,6005.8798828125,1,Financials,MS
1730088000.0,17.643139,0.15729,10.2,1.0630374110943512,0.01638006706271798,19.799999237060547,5823.52001953125,1,Financials,MS
1740027600.0,17.643139,0.15729,10.2,1.0572547141591493,0.018216756599143593,15.65999984741211,6117.52001953125,1,Financials,MS
1746158400.0,17.643139,0.15729,10.2,0.9146020178524644,0.03709002781455436,22.68000030517578,5686.669921875,1,Financials,MS
1749614400.0,17.643139,0.15729,10.2,1.034175610738946,0.0146224637481905,17.260000228881836,6022.240234375,1,Financials,MS
1735880400.0,17.643139,0.15729,10.2,1.0987865622254107,0.014262161985625651,16.1299991607666,5942.47021484375,1,Financials,MS
1767762000.0,17.643139,0.15729,10.2,1.074974419512051,0.012866417701074464,15.380000114440918,6920.93017578125,2,Financials,MS
1765861200.0,17.643139,0.15729,10.2,1.060888432056415,0.014070716667499926,16.479999542236328,6800.259765625,2,Financials,MS
1768539600.0,17.643139,0.15729,10.2,1.0811561660143107,0.01574287516684252,15.859999656677246,6940.009765625,2,Financials,MS
1763614800.0,17.643139,0.15729,10.2,1.0563212338858647,0.017552178287976887,26.420000076293945,6538.759765625,2,Financials,MS
1764046800.0,17.643139,0.15729,10.2,1.0568336707200678,0.017270165488633773,18.559999465942383,6765.8798828125,2,Financials,MS
1760673600.0,17.643139,0.15729,10.2,1.0711439295378857,0.014672209739909825,20.780000686645508,6664.009765625,2,Financials,MS
1756958400.0,17.643139,0.15729,10.2,1.0690604699551642,0.011476510305051936,15.300000190734863,6502.080078125,2,Financials,MS
1758600000.0,17.643139,0.15729,10.2,1.0728377343086302,0.011134022079229462,16.639999389648438,6656.919921875,2,Financials,MS
1760068800.0,17.643139,0.15729,10.2,1.0723736165894693,0.011697766905607818,21.65999984741211,6552.509765625,2,Financials,MS
1756353600.0,17.643139,0.15729,10.2,1.0727950629085121,0.011351393190820321,14.430000305175781,6501.85986328125,2,Financials,MS
1637730000.0,15.011182,0.11732,6.26,1.0494213646208241,0.018383044601705867,18.579999923706055,4701.4599609375,0,Financials,WFC
1646197200.0,15.011182,0.11732,6.26,1.0635601298528303,0.020599747725848386,30.739999771118164,4386.5400390625,0,Financials,WFC
1714708800.0,15.011182,0.11732,6.26,1.0830346275501563,0.010600057599594507,13.489999771118164,5127.7900390625,0,Financials,WFC
1659499200.0,15.011182,0.11732,6.26,0.9438905453822352,0.02253313369847979,21.950000762939453,4155.169921875,0,Financials,WFC
1669352400.0,15.011182,0.11732,6.26,1.0433939597371944,0.015551792010840464,20.5,4026.1201171875,0,Financials,WFC
1630987200.0,15.011182,0.11732,6.26,1.0326058114224859,0.021639612564908855,18.139999389648438,4520.02978515625,0,Financials,WFC
1647316800.0,15.011182,0.11732,6.26,1.037802859311801,0.027467976662219628,29.829999923706055,4262.4501953125,0,Financials,WFC
1633579200.0,15.011182,0.11732,6.26,1.008681218082341,0.020917478488951317,19.540000915527344,4399.759765625,0,Financials,WFC
1701061200.0,15.011182,0.11732,6.26,0.9838652559205331,0.014734377966034022,12.6899995803833,4550.43017578125,0,Financials,WFC
1737608400.0,15.011182,0.11732,6.26,1.0739845261099923,0.017662242597944956,15.020000457763672,6118.7099609375,0,Financials,WFC
1757044800.0,15.011182,0.11732,6.26,1.02751402469074,0.015686065600961058,15.180000305175781,6481.5,1,Financials,WFC
1762837200.0,15.011182,0.11732,6.26,1.0269166832450023,0.019972190998884514,17.280000686645508,6846.60986328125,1,Financials,WFC
1751515200.0,15.011182,0.11732,6.26,1.0519960743504897,0.013628053975292523,16.3799991607666,6279.35009765625,1,Financials,WFC
1762405200.0,15.011182,0.11732,6.26,1.026177482760433,0.020126631394042246,19.5,6720.31982421875,1,Financials,WFC
1756353600.0,15.011182,0.11732,6.26,1.0387699700057151,0.014979233952803591,14.430000305175781,6501.85986328125,1,Financials,WFC
1759377600.0,15.011182,0.11732,6.26,1.031902194943817,0.013607628893024633,16.6299991607666,6715.35009765625,1,Financials,WFC
1762232400.0,15.011182,0.11732,6.26,1.0260368294761342,0.020020544124323112,19.0,6771.5498046875,1,Financials,WFC
1739854800.0,15.011182,0.11732,6.26,1.07227351658801,0.01527570565892443,15.350000381469727,6129.580078125,1,Financials,WFC
1756785600.0,15.011182,0.11732,6.26,1.0358022509944362,0.01485718181373783,17.170000076293945,6415.5400390625,1,Financials,WFC
1760414400.0,15.011182,0.11732,6.26,1.0232604964227106,0.019413001544565586,20.809999465942383,6644.31005859375,1,Financials,WFC
1767589200.0,15.011182,0.11732,6.26,1.058480720413557,0.012309480185635317,14.899999618530273,6902.0498046875,2,Financials,WFC
1767934800.0,15.011182,0.11732,6.26,1.0690658379813365,0.012212176383217867,14.489999771118164,6966.27978515625,2,Financials,WFC
1767675600.0,15.011182,0.11732,6.26,1.061954791529614,0.011369475237363343,14.75,6944.81982421875,2,Financials,WFC
1730433600.0,17.552217,0.06831,6.99,1.0155993784282533,0.019019357365530457,21.8799991607666,5728.7998046875,0,Financials,C
1664942400.0,17.552217,0.06831,6.99,0.9654291949767866,0.019483151699116484,28.549999237060547,3783.280029296875,0,Financials,C
1759723200.0,17.552217,0.06831,6.99,1.0899866342170728,0.011489858409139938,16.3700008392334,6740.27978515625,0,Financials,C
1750132800.0,17.552217,0.06831,6.99,1.043459554196278,0.015393348489683472,21.600000381469727,5982.72021484375,0,Financials,C
1625025600.0,17.552217,0.06831,6.99,1.0274465519165694,0.01470750156324073,15.829999923706055,4297.5,0,Financials,C
1765256400.0,17.552217,0.06831,6.99,1.0359678195987188,0.013293506043536628,16.93000030517578,6840.509765625,0,Financials,C
1744084800.0,17.552217,0.06831,6.99,0.954899838857978,0.03255662553585481,52.33000183105469,4982.77001953125,0,Financials,C
1715659200.0,17.552217,0.06831,6.99,1.064820544917801,0.014935307870306584,13.420000076293945,5246.68017578125,0,Financials,C
1684900800.0,17.552217,0.06831,6.99,0.9793604460132462,0.018319825511169396,20.030000686645508,4115.240234375,0,Financials,C
1762405200.0,17.552217,0.06831,6.99,1.0325162080643502,0.017019147368857568,19.5,6720.31982421875,0,Financials,C
1766725200.0,17.552217,0.06831,6.99,1.060761098593407,0.01356644252218943,13.600000381469727,6929.93994140625,1,Financials,C
1767848400.0,17.552217,0.06831,6.99,1.0910377139747562,0.013767056993569757,15.449999809265137,6921.4599609375,1,Financials,C
1767589200.0,17.552217,0.06831,6.99,1.0777900135508403,0.014080173513003844,14.899999618530273,6902.0498046875,1,Financials,C
1770354000.0,17.552217,0.06831,6.99,1.0946294256865616,0.021928601054197333,20.3700008392334,6932.2998046875,1,Financials,C
1767675600.0,17.552217,0.06831,6.99,1.0827899380371624,0.013228831248990297,14.75,6944.81982421875,1,Financials,C
1766552400.0,17.552217,0.06831,6.99,1.0581487562186525,0.01356049316070545,13.470000267028809,6932.0498046875,1,Financials,C
1767762000.0,17.552217,0.06831,6.99,1.087178285571023,0.01356510208538773,15.380000114440918,6920.93017578125,1,Financials,C
1766466000.0,17.552217,0.06831,6.99,1.0545225799976337,0.013592196893353413,14.0,6909.7900390625,1,Financials,C
1767934800.0,17.552217,0.06831,6.99,1.0943403292904914,0.013675650224354047,14.489999771118164,6966.27978515625,1,Financials,C
1698638400.0,29.942745,0.10686,35.28,0.9391676028822489,0.011677561392999065,19.75,4166.81982421875,1,Financials,BLK
1698379200.0,29.942745,0.10686,35.28,0.9424427234662451,0.011082402199973926,21.270000457763672,4117.3701171875,1,Financials,BLK
1658116800.0,29.942745,0.10686,35.28,0.9422504254244587,0.022241572196924148,25.299999237060547,3830.85009765625,1,Financials,BLK
1652328000.0,29.942745,0.10686,35.28,0.9147976025165989,0.022170552023374368,31.770000457763672,3930.080078125,1,Financials,BLK
1664337600.0,29.942745,0.10686,35.28,1.01873991053147,0.02087880557971041,30.18000030517578,3719.0400390625,1,Financials,BLK
1664856000.0,29.942745,0.10686,35.28,0.9903155241455883,0.023290140567003386,29.06999969482422,3790.929931640625,1,Financials,BLK
1651464000.0,29.942745,0.10686,35.28,0.9287144561440998,0.018738073320046764,32.34000015258789,4155.3798828125,1,Financials,BLK
1653451200.0,29.942745,0.10686,35.28,0.8894730839646762,0.024265803105000497,28.3700008392334,3978.72998046875,1,Financials,BLK
1656388800.0,29.942745,0.10686,35.28,0.9308321342227933,0.025879926423748766,28.360000610351562,3821.550048828125,1,Financials,BLK
1657252800.0,29.942745,0.10686,35.28,0.9501010293072856,0.024662971906674405,24.639999389648438,3899.3798828125,1,Financials,BLK
1733893200.0,29.942745,0.10686,35.28,1.0788014241442123,0.009756439211635905,13.579999923706055,6084.18994140625,2,Financials,BLK
1640581200.0,29.942745,0.10686,35.28,1.0129354418923142,0.015184465752032302,17.68000030517578,4791.18994140625,2,Financials,BLK
1683000000.0,29.942745,0.10686,35.28,0.9597864868793883,0.014010350657342406,17.780000686645508,4119.580078125,2,Financials,BLK
1724385600.0,29.942745,0.10686,35.28,1.0614575629679184,0.013649435241965817,15.859999656677246,5634.60986328125,2,Financials,BLK
1685505600.0,29.942745,0.10686,35.28,0.9701562358101501,0.015356014087840505,17.940000534057617,4179.830078125,2,Financials,BLK
1706245200.0,29.942745,0.10686,35.28,1.1211217656726449,0.013777095184870058,13.260000228881836,4890.97021484375,2,Financials,BLK
1724904000.0,29.942745,0.10686,35.28,1.0621661713208101,0.012469567787801639,15.649999618530273,5591.9599609375,2,Financials,BLK
1703048400.0,29.942745,0.10686,35.28,1.082033360670116,0.015120768591106039,13.670000076293945,4698.35009765625,2,Financials,BLK
1726632000.0,29.942745,0.10686,35.28,1.0605002821936176,0.010951653210642101,18.229999542236328,5618.259765625,2,Financials,BLK
1653969600.0,29.942745,0.10686,35.28,0.8916432349633441,0.025020954414649473,26.190000534057617,4132.14990234375,2,Financials,BLK
1770267600.0,7.4713492,0.25732002,5.41,0.8927500678334055,0.038573712943539715,21.770000457763672,6798.39990234375,0,Financials,PYPL
1770094800.0,7.4713492,0.25732002,5.41,0.9049823129837818,0.038669793886318825,18.0,6917.81005859375,0,Financials,PYPL
1770354000.0,7.4713492,0.25732002,5.41,0.8871816809295272,0.03884877543415091,20.3700008392334,6932.2998046875,0,Financials,PYPL
1770181200.0,7.4713492,0.25732002,5.41,0.8990747467318405,0.0385429059192045,18.639999389648438,6882.72021484375,0,Financials,PYPL
1768280400.0,7.4713492,0.25732002,5.41,0.9265211589510005,0.011133008186192275,15.979999542236328,6963.740234375,1,Financials,PYPL
1698897600.0,7.4713492,0.25732002,5.41,0.8928293115291991,0.021961236684919887,15.65999984741211,4317.77978515625,1,Financials,PYPL
1698379200.0,7.4713492,0.25732002,5.41,0.9021166540879952,0.01842561506589971,21.270000457763672,4117.3701171875,1,Financials,PYPL
1698033600.0,7.4713492,0.25732002,5.41,0.9167047384222144,0.01700714813870914,20.3700008392334,4217.0400390625,1,Financials,PYPL
1769749200.0,7.4713492,0.25732002,5.41,0.9119827705015439,0.013644930147262665,17.440000534057617,6939.02978515625,1,Financials,PYPL
1769576400.0,7.4713492,0.25732002,5.41,0.9157681167033975,0.013799705677344702,16.350000381469727,6978.02978515625,1,Financials,PYPL
1699246800.0,7.4713492,0.25732002,5.41,0.8929794031713519,0.022395268792326593,14.890000343322754,4365.97998046875,1,Financials,PYPL
1768539600.0,7.4713492,0.25732002,5.41,0.9237429892136974,0.011259245674969356,15.859999656677246,6940.009765625,1,Financials,PYPL
1697601600.0,7.4713492,0.25732002,5.41,0.9239646452629083,0.01696263348285982,19.219999313354492,4314.60009765625,1,Financials,PYPL
1700197200.0,7.4713492,0.25732002,5.41,0.9006285575728483,0.02346647349273722,13.800000190734863,4514.02001953125,1,Financials,PYPL
1731387600.0,7.4713492,0.25732002,5.41,1.1195676148945721,0.018851872236627668,14.710000038146973,5983.990234375,2,Financials,PYPL
1664164800.0,7.4713492,0.25732002,5.41,1.1032181410050192,0.021403349310665343,32.2599983215332,3655.0400390625,2,Financials,PYPL
1683172800.0,7.4713492,0.25732002,5.41,0.977479181246616,0.01790739354320514,20.09000015258789,4061.219970703125,2,Financials,PYPL
1660190400.0,7.4713492,0.25732002,5.41,0.9656723647774724,0.03791211775974803,20.200000762939453,4207.27001953125,2,Financials,PYPL
1625544000.0,7.4713492,0.25732002,5.41,1.0555220715688043,0.012607267692904317,16.440000534057617,4343.5400390625,2,Financials,PYPL
1669352400.0,7.4713492,0.25732002,5.41,0.9385571228944045,0.03536636232247171,20.5,4026.1201171875,2,Financials,PYPL
1675314000.0,7.4713492,0.25732002,5.41,0.9539517417354848,0.020655179070368054,18.729999542236328,4179.759765625,2,Financials,PYPL
1630296000.0,7.4713492,0.25732002,5.41,1.028658367447065,0.01849635973872629,16.190000534057617,4528.7900390625,2,Financials,PYPL
1728360000.0,7.4713492,0.25732002,5.41,1.1183939849125053,0.020052066503965935,21.420000076293945,5751.1298828125,2,Financials,PYPL
1679544000.0,7.4713492,0.25732002,5.41,0.978676939469507,0.019329950522438317,22.610000610351562,3948.719970703125,2,Financials,PYPL
1713412800.0,31.163532,0.53954,10.64,1.0243306311701972,0.008255479249448642,18.0,5011.1201171875,2,Financials,V
1762405200.0,31.163532,0.53954,10.64,0.9966386068316883,0.011064976140561263,19.5,6720.31982421875,2,Financials,V
1635739200.0,31.163532,0.53954,10.64,0.9721948884315336,0.019833368075681746,16.40999984741211,4613.669921875,2,Financials,V
1702875600.0,31.163532,0.53954,10.64,1.0387180280599413,0.006388002766228689,12.5600004196167,4740.56005859375,2,Financials,V
1694750400.0,31.163532,0.53954,10.64,1.0305255987544555,0.008285479875780906,13.789999961853027,4450.31982421875,2,Financials,V
1769144400.0,31.163532,0.53954,10.64,1.0101027241249203,0.016018069048047475,16.09000015258789,6915.60986328125,2,Financials,V
1642654800.0,31.163532,0.53954,10.64,0.9954977033257966,0.011373696363454125,25.59000015258789,4482.72998046875,2,Financials,V
1690948800.0,31.163532,0.53954,10.64,1.0259930984039973,0.008983089865436875,16.09000015258789,4513.39013671875,2,Financials,V
1764133200.0,31.163532,0.53954,10.64,0.9862202223578669,0.011311800911116254,17.190000534057617,6812.60986328125,2,Financials,V
1683604800.0,31.163532,0.53954,10.64,1.022228672271067,0.010684494298703306,17.709999084472656,4119.169921875,2,Financials,V
1648612800.0,33.216705,2.09915,16.52,0.9847009790008735,0.02296926462844677,19.329999923706055,4602.4501953125,2,Financials,MA
1700024400.0,33.216705,2.09915,16.52,0.9794835281703048,0.014050974971864744,14.180000305175781,4502.8798828125,2,Financials,MA
1741752000.0,33.216705,2.09915,16.52,1.0448962632211014,0.013026626606545848,24.229999542236328,5599.2998046875,2,Financials,MA
1635825600.0,33.216705,2.09915,16.52,0.9714614495151566,0.020416397409289293,16.030000686645508,4630.64990234375,2,Financials,MA
1634097600.0,33.216705,2.09915,16.52,0.9581616724929244,0.01654523229833899,18.639999389648438,4363.7998046875,2,Financials,MA
1720584000.0,33.216705,2.09915,16.52,0.9730597937657419,0.00907550838708532,12.850000381469727,5633.91015625,2,Financials,MA
1688011200.0,33.216705,2.09915,16.52,1.0215646158183314,0.013443215426308129,13.539999961853027,4396.43994140625,2,Financials,MA
1751256000.0,33.216705,2.09915,16.52,1.0361781395815253,0.017295971054523903,16.729999542236328,6204.9501953125,2,Financials,MA
1649217600.0,33.216705,2.09915,16.52,0.9752002585349011,0.023253099559185766,22.100000381469727,4481.14990234375,2,Financials,MA
1625198400.0,33.216705,2.09915,16.52,0.9936880399598007,0.011198127525152443,15.069999694824219,4352.33984375,2,Financials,MA
1709701200.0,20.014706,0.085760005,1.36,0.964156511608759,0.01509154125055342,14.5,5104.759765625,1,Healthcare,PFE
1750824000.0,20.014706,0.085760005,1.36,0.9863957929868729,0.014372507949450311,16.760000228881836,6092.16015625,1,Healthcare,PFE
1758254400.0,20.014706,0.085760005,1.36,1.0268804164999157,0.012906045429055253,15.449999809265137,6664.35986328125,1,Healthcare,PFE
1737090000.0,20.014706,0.085760005,1.36,0.9629471659958541,0.014099959162695078,15.970000267028809,5996.66015625,1,Healthcare,PFE
1708664400.0,20.014706,0.085760005,1.36,0.96414546849619,0.011678176194803708,13.75,5088.7998046875,1,Healthcare,PFE
1767157200.0,20.014706,0.085760005,1.36,1.0250251347623358,0.014466697319807115,14.949999809265137,6845.5,1,Healthcare,PFE
1752465600.0,20.014706,0.085760005,1.36,1.024301190597072,0.011104193565615636,17.200000762939453,6268.56005859375,1,Healthcare,PFE
1742875200.0,20.014706,0.085760005,1.36,1.0072567122707066,0.011477932252119303,17.149999618530273,5776.64990234375,1,Healthcare,PFE
1713499200.0,20.014706,0.085760005,1.36,0.9881950721601568,0.012672468835561907,18.709999084472656,4967.22998046875,1,Healthcare,PFE
1743652800.0,20.014706,0.085760005,1.36,1.0011413457905105,0.0130430449588849,30.020000457763672,5396.52001953125,1,Healthcare,PFE
1624507200.0,20.014706,0.085760005,1.36,1.0577361320333352,0.01012080664164772,15.970000267028809,4266.490234375,2,Healthcare,PFE
1661832000.0,20.014706,0.085760005,1.36,0.9868974256314781,0.013494189640532592,26.209999084472656,3986.159912109375,2,Healthcare,PFE
1661486400.0,20.014706,0.085760005,1.36,0.9919065676058254,0.013976591985091725,25.559999465942383,4057.659912109375,2,Healthcare,PFE
1653278400.0,20.014706,0.085760005,1.36,0.9879675932727543,0.017840190309339837,28.479999542236328,3973.75,2,Healthcare,PFE
1698206400.0,20.014706,0.085760005,1.36,0.9379764956675525,0.016317863252463306,20.190000534057617,4186.77001953125,2,Healthcare,PFE
1634616000.0,20.014706,0.085760005,1.36,1.0054282766260878,0.009097232461602165,15.699999809265137,4519.6298828125,2,Healthcare,PFE
1689307200.0,20.014706,0.085760005,1.36,0.97523567438407,0.01285124076132247,13.34000015258789,4505.419921875,2,Healthcare,PFE
1650945600.0,20.014706,0.085760005,1.36,0.9925854095218813,0.016892942478203915,33.52000045776367,4175.2001953125,2,Healthcare,PFE
1766034000.0,20.014706,0.085760005,1.36,1.0258358445890092,0.01757712090399446,16.8700008392334,6774.759765625,2,Healthcare,PFE
1640235600.0,20.014706,0.085760005,1.36,1.1330790527929033,0.026756409985921555,17.959999084472656,4725.7900390625,2,Healthcare,PFE
1669957200.0,21.738226,0.35557,11.04,1.033366994999925,0.009933425689025416,19.059999465942383,4071.699951171875,2,Healthcare,JNJ
1727668800.0,21.738226,0.35557,11.04,1.0578051594567845,0.007326808834628325,16.729999542236328,5762.47998046875,2,Healthcare,JNJ
1721966400.0,21.738226,0.35557,11.04,1.0020494826739814,0.011076910932781105,16.389999389648438,5459.10009765625,2,Healthcare,JNJ
1625198400.0,21.738226,0.35557,11.04,1.0145036211586007,0.008669342556532527,15.069999694824219,4352.33984375,2,Healthcare,JNJ
1692244800.0,21.738226,0.35557,11.04,1.0291067950040984,0.015205165632975984,17.889999389648438,4370.35986328125,2,Healthcare,JNJ
1752638400.0,21.738226,0.35557,11.04,0.9975339264440642,0.013896997767705158,17.15999984741211,6263.7001953125,2,Healthcare,JNJ
1648440000.0,21.738226,0.35557,11.04,1.0124432691648935,0.014289161440001724,19.6299991607666,4575.52001953125,2,Healthcare,JNJ
1728964800.0,21.738226,0.35557,11.04,1.0416985317008516,0.007202536615548336,20.639999389648438,5815.259765625,2,Healthcare,JNJ
1673240400.0,21.738226,0.35557,11.04,1.0419634727784461,0.008712022025671447,21.969999313354492,3892.090087890625,2,Healthcare,JNJ
1680494400.0,21.738226,0.35557,11.04,0.9306937308092331,0.008941019045318042,18.549999237060547,4124.509765625,2,Healthcare,JNJ
1754020800.0,14.408854,0.12538,19.2,0.8029384799785341,0.027770183859452135,20.3799991607666,6238.009765625,1,Healthcare,UNH
1754280000.0,14.408854,0.12538,19.2,0.8039471761347684,0.02799269023339873,17.520000457763672,6329.93994140625,1,Healthcare,UNH
1652932800.0,14.408854,0.12538,19.2,1.037188958151276,0.016803106084330395,29.350000381469727,3900.7900390625,2,Healthcare,UNH
1696564800.0,14.408854,0.12538,19.2,1.0091592346780398,0.011504114737761844,17.450000762939453,4308.5,2,Healthcare,UNH
1706072400.0,14.408854,0.12538,19.2,1.0023398401289416,0.012727043492924833,13.140000343322754,4868.5498046875,2,Healthcare,UNH
1697428800.0,14.408854,0.12538,19.2,1.0217953621813098,0.010620109341579613,17.209999084472656,4373.6298828125,2,Healthcare,UNH
1738213200.0,14.408854,0.12538,19.2,0.9266560824074671,0.020756550312262482,15.84000015258789,6071.169921875,2,Healthcare,UNH
1750046400.0,14.408854,0.12538,19.2,0.732149670384449,0.04592815837287386,19.110000610351562,6033.10986328125,2,Healthcare,UNH
1656475200.0,14.408854,0.12538,19.2,0.980151497567664,0.019324902113681833,28.15999984741211,3818.830078125,2,Healthcare,UNH
1701925200.0,14.408854,0.12538,19.2,1.0474627520079323,0.008750970394987394,13.0600004196167,4585.58984375,2,Healthcare,UNH
1624593600.0,14.408854,0.12538,19.2,1.057743637028354,0.007970778598528214,15.619999885559082,4280.7001953125,2,Healthcare,UNH
1706504400.0,14.408854,0.12538,19.2,0.9925561371000448,0.014792632837130709,13.600000381469727,4927.93017578125,2,Healthcare,UNH
1764910800.0,94.27426,11.066669,2.37,1.0354181439711423,0.017733488599393714,15.40999984741211,6870.39990234375,1,Healthcare,ABBV
1649736000.0,94.27426,11.066669,2.37,1.1097282860846174,0.013142921706080876,24.260000228881836,4397.4501953125,1,Healthcare,ABBV
1720670400.0,94.27426,11.066669,2.37,0.9941864614172008,0.012941530526388122,12.920000076293945,5584.5400390625,1,Healthcare,ABBV
1680062400.0,94.27426,11.066669,2.37,0.991504801430548,0.01108165219847725,19.1200008392334,4027.81005859375,1,Healthcare,ABBV
1666152000.0,94.27426,11.066669,2.37,0.98872789147565,0.019083011478161323,30.760000228881836,3695.159912109375,1,Healthcare,ABBV
1689825600.0,94.27426,11.066669,2.37,0.9321508602457558,0.011471388332035854,13.989999771118164,4534.8701171875,1,Healthcare,ABBV
1654228800.0,94.27426,11.066669,2.37,1.0016370940040986,0.0153627009881725,24.790000915527344,4108.5400390625,1,Healthcare,ABBV
1733288400.0,94.27426,11.066669,2.37,0.9726181672331643,0.029181655833809574,13.449999809265137,6086.490234375,1,Healthcare,ABBV
1666324800.0,94.27426,11.066669,2.37,0.9898689732550568,0.01961615151851542,29.690000534057617,3752.75,1,Healthcare,ABBV
1764824400.0,94.27426,11.066669,2.37,1.037757650681555,0.01760802524822204,15.779999732971191,6857.1201171875,1,Healthcare,ABBV
1632110400.0,16.748627,0.37166,7.28,0.9998717741214214,0.008841661115446268,25.709999084472656,4357.72998046875,1,Healthcare,MRK
1638507600.0,16.748627,0.37166,7.28,1.0513665617894348,0.0267929024068919,30.670000076293945,4538.43017578125,1,Healthcare,MRK
1632369600.0,16.748627,0.37166,7.28,0.9976618116316619,0.009274273532504393,18.6299991607666,4448.97998046875,1,Healthcare,MRK
1632801600.0,16.748627,0.37166,7.28,0.9944339119504075,0.008386722527044374,23.25,4352.6298828125,1,Healthcare,MRK
1631764800.0,16.748627,0.37166,7.28,1.0022472954199895,0.00879805934367659,18.690000534057617,4473.75,1,Healthcare,MRK
1631505600.0,16.748627,0.37166,7.28,1.005880022995321,0.008693521266229916,19.3700008392334,4468.72998046875,1,Healthcare,MRK
1638853200.0,16.748627,0.37166,7.28,1.0450765654234038,0.02683479347478792,21.889999389648438,4686.75,1,Healthcare,MRK
1638939600.0,16.748627,0.37166,7.28,1.0415611031652643,0.026933590915077108,19.899999618530273,4701.2099609375,1,Healthcare,MRK
1631160000.0,16.748627,0.37166,7.28,1.009210401903372,0.009168774490811354,18.799999237060547,4493.27978515625,1,Healthcare,MRK
1639026000.0,16.748627,0.37166,7.28,1.038282315973264,0.02691752134763956,21.579999923706055,4667.4501953125,1,Healthcare,MRK
1721793600.0,16.748627,0.37166,7.28,1.0030599266825937,0.01437766850470484,18.040000915527344,5427.1298828125,2,Healthcare,MRK
1634616000.0,16.748627,0.37166,7.28,0.998041427415678,0.019763016846720063,15.699999809265137,4519.6298828125,2,Healthcare,MRK
1769403600.0,16.748627,0.37166,7.28,1.1226372911471278,0.01338748889348321,16.149999618530273,6950.22998046875,2,Healthcare,MRK
1743652800.0,16.748627,0.37166,7.28,0.9659940742865595,0.01540947957155224,30.020000457763672,5396.52001953125,2,Healthcare,MRK
1702011600.0,16.748627,0.37166,7.28,0.9805942618164267,0.009893862759987253,12.350000381469727,4604.3701171875,2,Healthcare,MRK
1681272000.0,16.748627,0.37166,7.28,0.9945748972404997,0.014908417700786802,19.09000015258789,4091.949951171875,2,Healthcare,MRK
1731560400.0,16.748627,0.37166,7.28,0.9308926247830107,0.010881373057357266,14.3100004196167,5949.169921875,2,Healthcare,MRK
1727928000.0,16.748627,0.37166,7.28,0.9589663714789276,0.01126040082172626,20.489999771118164,5699.93994140625,2,Healthcare,MRK
1692763200.0,16.748627,0.37166,7.28,0.9663160951882861,0.013040511688347163,15.979999542236328,4436.009765625,2,Healthcare,MRK
1708664400.0,16.748627,0.37166,7.28,1.1117100477562154,0.009677599572506893,13.75,5088.7998046875,2,Healthcare,MRK
1632283200.0,46.087982,1.08283,22.96,1.0748408372115175,0.014344557616413274,20.8700008392334,4395.64013671875,2,Healthcare,LLY
1641272400.0,46.087982,1.08283,22.96,1.0436684779051628,0.02383926232073814,16.90999984741211,4793.5400390625,2,Healthcare,LLY
1709269200.0,46.087982,1.08283,22.96,1.1247993430287548,0.017976778108249252,13.109999656677246,5137.080078125,2,Healthcare,LLY
1695614400.0,46.087982,1.08283,22.96,1.1487596532980187,0.01352208949318212,16.899999618530273,4337.43994140625,2,Healthcare,LLY
1628481600.0,46.087982,1.08283,22.96,1.1320233863104887,0.011261294862028844,16.719999313354492,4432.35009765625,2,Healthcare,LLY
1744603200.0,46.087982,1.08283,22.96,1.001562599710509,0.025636262379724137,30.889999389648438,5405.97021484375,2,Healthcare,LLY
1627272000.0,46.087982,1.08283,22.96,1.1257949365831879,0.0170117276377091,17.579999923706055,4422.2998046875,2,Healthcare,LLY
1654660800.0,46.087982,1.08283,22.96,1.0695780849978627,0.020642191612982468,23.959999084472656,4115.77001953125,2,Healthcare,LLY
1723521600.0,46.087982,1.08283,22.96,1.052074047754342,0.031252745349149263,18.1200008392334,5434.43017578125,2,Healthcare,LLY
1701666000.0,46.087982,1.08283,22.96,1.0455224532978362,0.021652049067202944,13.079999923706055,4569.77978515625,2,Healthcare,LLY
1674190800.0,27.026724,1.0610299,14.22,1.0304826879387754,0.011351469133664539,19.850000381469727,3972.610107421875,2,Healthcare,AMGN
1751947200.0,27.026724,1.0610299,14.22,0.9900221935339755,0.017549966926627802,16.809999465942383,6225.52001953125,2,Healthcare,AMGN
1702530000.0,27.026724,1.0610299,14.22,1.013267072390438,0.012374427877557529,12.479999542236328,4719.5498046875,2,Healthcare,AMGN
1747195200.0,27.026724,1.0610299,14.22,0.9714425043676773,0.023057092836214467,18.6200008392334,5892.580078125,2,Healthcare,AMGN
1726113600.0,27.026724,1.0610299,14.22,1.0293185115462118,0.01578491762465396,17.06999969482422,5595.759765625,2,Healthcare,AMGN
1697169600.0,27.026724,1.0610299,14.22,1.0801422494435096,0.014343574400389478,19.31999969482422,4327.77978515625,2,Healthcare,AMGN
1700542800.0,27.026724,1.0610299,14.22,1.0440185174932635,0.016792528013103276,13.350000381469727,4538.18994140625,2,Healthcare,AMGN
1734584400.0,27.026724,1.0610299,14.22,0.9177437577354455,0.020328197477889012,24.09000015258789,5867.080078125,2,Healthcare,AMGN
1741665600.0,27.026724,1.0610299,14.22,1.05093304979155,0.017932361899980095,26.920000076293945,5572.06982421875,2,Healthcare,AMGN
1646715600.0,27.026724,1.0610299,14.22,1.0350863756042141,0.019712305158880037,35.130001068115234,4170.7001953125,2,Healthcare,AMGN
1658721600.0,30.581972,0.13024001,17.75,0.9680620166988511,0.023511470852692333,23.360000610351562,3966.840087890625,2,Healthcare,TMO
1761537600.0,30.581972,0.13024001,17.75,1.0840180951210983,0.02292298057810098,15.789999961853027,6875.16015625,2,Healthcare,TMO
1767157200.0,30.581972,0.13024001,17.75,1.068251600120492,0.010422352562580941,14.949999809265137,6845.5,2,Healthcare,TMO
1707195600.0,30.581972,0.13024001,17.75,1.0834958967243191,0.015673873875011544,13.0600004196167,4954.22998046875,2,Healthcare,TMO
1630555200.0,30.581972,0.13024001,17.75,1.0853798817000366,0.009310154802841602,16.40999984741211,4536.9501953125,2,Healthcare,TMO
1629864000.0,30.581972,0.13024001,17.75,1.0806050594320045,0.009578624945113348,16.790000915527344,4496.18994140625,2,Healthcare,TMO
1702530000.0,30.581972,0.13024001,17.75,0.9635572582830906,0.013866763058120459,12.479999542236328,4719.5498046875,2,Healthcare,TMO
1757304000.0,30.581972,0.13024001,17.75,1.101343566121834,0.015497102086490903,15.109999656677246,6495.14990234375,2,Healthcare,TMO
1728619200.0,30.581972,0.13024001,17.75,1.0367192700834442,0.011019572587539496,20.459999084472656,5815.02978515625,2,Healthcare,TMO
1641186000.0,30.581972,0.13024001,17.75,1.0543211719364407,0.01455578514016411,16.600000381469727,4796.56005859375,2,Healthcare,TMO
1658894400.0,23.570326,0.40706003,6.47,1.005026618330775,0.012162586818682599,23.239999771118164,4023.610107421875,1,Healthcare,GILD
1648526400.0,23.570326,0.40706003,6.47,0.9090393247640661,0.011589615558920388,18.899999618530273,4631.60009765625,1,Healthcare,GILD
1649217600.0,23.570326,0.40706003,6.47,0.9148377187353319,0.012742839282095046,22.100000381469727,4481.14990234375,1,Healthcare,GILD
1654488000.0,23.570326,0.40706003,6.47,1.016530826851272,0.01416966627397379,25.06999969482422,4121.43017578125,1,Healthcare,GILD
1658116800.0,23.570326,0.40706003,6.47,1.0089947248017037,0.013661206123363233,25.299999237060547,3830.85009765625,1,Healthcare,GILD
1644814800.0,23.570326,0.40706003,6.47,0.9975557434624969,0.012518772745773128,28.329999923706055,4401.669921875,1,Healthcare,GILD
1652932800.0,23.570326,0.40706003,6.47,0.9958913280333318,0.014576128967692812,29.350000381469727,3900.7900390625,1,Healthcare,GILD
1647230400.0,23.570326,0.40706003,6.47,0.9227705970110066,0.012616187989017197,31.770000457763672,4173.10986328125,1,Healthcare,GILD
1656388800.0,23.570326,0.40706003,6.47,1.0220118244544507,0.01336260509569865,28.360000610351562,3821.550048828125,1,Healthcare,GILD
1644296400.0,23.570326,0.40706003,6.47,1.0158405351405118,0.012053873348520582,21.440000534057617,4521.5400390625,1,Healthcare,GILD
1728360000.0,23.570326,0.40706003,6.47,1.106337904793878,0.009931694808634714,21.420000076293945,5751.1298828125,2,Healthcare,GILD
1745467200.0,23.570326,0.40706003,6.47,1.0586936357358103,0.016862268743600323,26.469999313354492,5484.77001953125,2,Healthcare,GILD
1765170000.0,23.570326,0.40706003,6.47,1.0446746584069484,0.015402789924353223,16.65999984741211,6846.509765625,2,Healthcare,GILD
1689912000.0,23.570326,0.40706003,6.47,0.9810224989951329,0.010802792922019877,13.600000381469727,4536.33984375,2,Healthcare,GILD
1684382400.0,23.570326,0.40706003,6.47,0.9964652392088202,0.010092004234897086,16.049999237060547,4198.0498046875,2,Healthcare,GILD
1682395200.0,23.570326,0.40706003,6.47,0.9892186807300622,0.0127882223207187,18.760000228881836,4071.6298828125,2,Healthcare,GILD
1638162000.0,23.570326,0.40706003,6.47,0.977085522093009,0.012537776179495945,22.959999084472656,4655.27001953125,2,Healthcare,GILD
1636084800.0,23.570326,0.40706003,6.47,0.9798706933293739,0.012813092328122078,16.479999542236328,4697.52978515625,2,Healthcare,GILD
1657252800.0,23.570326,0.40706003,6.47,1.0175180783519333,0.0131262663356683,24.639999389648438,3899.3798828125,2,Healthcare,GILD
1713326400.0,23.570326,0.40706003,6.47,0.9460177414086612,0.010012950231597168,18.209999084472656,5022.2099609375,2,Healthcare,GILD
1638939600.0,17.916185,0.40333998,3.46,0.9476293443433601,0.01352010984067262,19.899999618530273,4701.2099609375,2,Healthcare,BMY
1627963200.0,17.916185,0.40333998,3.46,1.0264744884360841,0.008792057796892452,18.040000915527344,4423.14990234375,2,Healthcare,BMY
1657512000.0,17.916185,0.40333998,3.46,1.01842338059795,0.012459110841011475,26.170000076293945,3854.429931640625,2,Healthcare,BMY
1718683200.0,17.916185,0.40333998,3.46,0.8963023732677771,0.013241864740123377,12.300000190734863,5487.02978515625,2,Healthcare,BMY
1679976000.0,17.916185,0.40333998,3.46,0.9461022638129019,0.00845120901648893,19.969999313354492,3971.27001953125,2,Healthcare,BMY
1706072400.0,17.916185,0.40333998,3.46,0.9700350614152441,0.01229757030719416,13.140000343322754,4868.5498046875,2,Healthcare,BMY
1699246800.0,17.916185,0.40333998,3.46,0.9387853755045502,0.01593665382311042,14.890000343322754,4365.97998046875,2,Healthcare,BMY
1657857600.0,17.916185,0.40333998,3.46,1.0130449573778635,0.01264286992312377,24.229999542236328,3863.159912109375,2,Healthcare,BMY
1758168000.0,17.916185,0.40333998,3.46,1.0025764893366116,0.011568521948035381,15.699999809265137,6631.9599609375,2,Healthcare,BMY
1674622800.0,17.916185,0.40333998,3.46,0.9885462422710137,0.011970595462044318,19.079999923706055,4016.219970703125,2,Healthcare,BMY
1638162000.0,384.21494,0.049250003,1.07,1.2634019244158141,0.0443380680879189,22.959999084472656,4655.27001953125,2,Discretionary,TSLA
1663214400.0,384.21494,0.049250003,1.07,1.1210394386375866,0.026580646000142805,26.270000457763672,3901.35009765625,2,Discretionary,TSLA
1734930000.0,384.21494,0.049250003,1.07,1.3277152977552236,0.040280953102166,16.780000686645508,5974.06982421875,2,Discretionary,TSLA
1713758400.0,384.21494,0.049250003,1.07,0.850346019146171,0.029219881365424107,16.940000534057617,5010.60009765625,2,Discretionary,TSLA
1633406400.0,384.21494,0.049250003,1.07,1.08821136336825,0.014553131366796212,21.299999237060547,4345.72021484375,2,Discretionary,TSLA
1765947600.0,384.21494,0.049250003,1.07,1.0535283210164152,0.02948444551505097,17.6200008392334,6721.43017578125,2,Discretionary,TSLA
1645074000.0,384.21494,0.049250003,1.07,0.9421334705128988,0.04160157224009952,28.110000610351562,4380.259765625,2,Discretionary,TSLA
1624593600.0,384.21494,0.049250003,1.07,0.9281120326028149,0.024984477947654283,15.619999885559082,4280.7001953125,2,Discretionary,TSLA
1768971600.0,384.21494,0.049250003,1.07,1.0324620642373494,0.02405567073395306,16.899999618530273,6875.6201171875,2,Discretionary,TSLA
1660190400.0,384.21494,0.049250003,1.07,0.9785894839724287,0.03455480125493243,20.200000762939453,4207.27001953125,2,Discretionary,TSLA
1672203600.0,29.333334,0.22286,7.17,0.8414329627441055,0.019998268726953466,22.139999389648438,3783.219970703125,1,Discretionary,AMZN
1671685200.0,29.333334,0.22286,7.17,0.840646257634889,0.031443949936460075,21.969999313354492,3822.389892578125,1,Discretionary,AMZN
1672894800.0,29.333334,0.22286,7.17,0.8458336997717287,0.021161363842568382,22.459999084472656,3808.10009765625,1,Discretionary,AMZN
1671771600.0,29.333334,0.22286,7.17,0.8420374597222327,0.021724887806086474,20.8700008392334,3844.820068359375,1,Discretionary,AMZN
1672808400.0,29.333334,0.22286,7.17,0.8445421235791248,0.020992473280555087,22.010000228881836,3852.969970703125,1,Discretionary,AMZN
1672981200.0,29.333334,0.22286,7.17,0.8474933550939119,0.02224369901459897,21.1299991607666,3895.080078125,1,Discretionary,AMZN
1671426000.0,29.333334,0.22286,7.17,0.8291923847319246,0.03158338115426894,22.420000076293945,3817.659912109375,1,Discretionary,AMZN
1671512400.0,29.333334,0.22286,7.17,0.8324339449535523,0.03159058866264617,21.479999542236328,3821.6201171875,1,Discretionary,AMZN
1672290000.0,29.333334,0.22286,7.17,0.8411203287692547,0.02090966854056776,21.440000534057617,3849.280029296875,1,Discretionary,AMZN
1672117200.0,29.333334,0.22286,7.17,0.8416938855446147,0.02017480307094374,21.649999618530273,3829.25,1,Discretionary,AMZN
1669698000.0,29.333334,0.22286,7.17,0.849944423319923,0.035399471994074096,21.889999389648438,3957.6298828125,2,Discretionary,AMZN
1703739600.0,29.333334,0.22286,7.17,1.0702113551156267,0.01168492346390718,12.470000267028809,4783.35009765625,2,Discretionary,AMZN
1644987600.0,29.333334,0.22286,7.17,0.9298318606588195,0.03585471643076414,24.290000915527344,4475.009765625,2,Discretionary,AMZN
1641445200.0,29.333334,0.22286,7.17,1.0003617711800092,0.01455147525219172,19.610000610351562,4696.0498046875,2,Discretionary,AMZN
1694750400.0,29.333334,0.22286,7.17,1.065432525355716,0.021826417353564734,13.789999961853027,4450.31982421875,2,Discretionary,AMZN
1689134400.0,29.333334,0.22286,7.17,1.1380140248495112,0.016570203340874435,13.539999961853027,4472.16015625,2,Discretionary,AMZN
1736485200.0,29.333334,0.22286,7.17,1.102752740112046,0.01718724654140607,19.540000915527344,5827.0400390625,2,Discretionary,AMZN
1751515200.0,29.333334,0.22286,7.17,1.061429624999296,0.01384189075466184,16.3799991607666,6279.35009765625,2,Discretionary,AMZN
1744084800.0,29.333334,0.22286,7.17,0.9089842868190667,0.02670653745985127,52.33000183105469,4982.77001953125,2,Discretionary,AMZN
1730696400.0,29.333334,0.22286,7.17,1.0221683630117786,0.01767870057335067,21.979999542236328,5712.68994140625,2,Discretionary,AMZN
1725508800.0,11.794872,0.10295,1.17,0.9005871694113755,0.03914438723572122,19.899999618530273,5503.41015625,0,Discretionary,F
1732078800.0,11.794872,0.10295,1.17,1.0002733964644794,0.02371776899163591,17.15999984741211,5917.10986328125,0,Discretionary,F
1730696400.0,11.794872,0.10295,1.17,0.9580463012029165,0.022475742046522543,21.979999542236328,5712.68994140625,0,Discretionary,F
1747886400.0,11.794872,0.10295,1.17,1.0372646016023335,0.018085543171533398,20.280000686645508,5842.009765625,0,Discretionary,F
1756872000.0,11.794872,0.10295,1.17,1.048815664125275,0.013743838177136078,16.350000381469727,6448.259765625,0,Discretionary,F
1690776000.0,11.794872,0.10295,1.17,1.1160720009165648,0.01742431813312566,13.630000114440918,4588.9599609375,0,Discretionary,F
1744862400.0,11.794872,0.10295,1.17,1.0118000469720063,0.031841070021115976,29.649999618530273,5282.7001953125,0,Discretionary,F
1698120000.0,11.794872,0.10295,1.17,0.9419964984586875,0.013228896091976168,18.969999313354492,4247.68017578125,0,Discretionary,F
1646110800.0,11.794872,0.10295,1.17,0.9652758926377346,0.032617115676070896,33.31999969482422,4306.259765625,0,Discretionary,F
1758081600.0,11.794872,0.10295,1.17,1.050564158377699,0.011771209856613497,15.720000267028809,6600.35009765625,0,Discretionary,F
1641790800.0,11.794872,0.10295,1.17,1.181914201295366,0.03535178186559503,19.399999618530273,4670.2900390625,1,Discretionary,F
1642568400.0,11.794872,0.10295,1.17,1.1856099291669842,0.03820717747978266,23.850000381469727,4532.759765625,1,Discretionary,F
1641963600.0,11.794872,0.10295,1.17,1.1835565671863968,0.03486292704680511,17.6200008392334,4726.35009765625,1,Discretionary,F
1642482000.0,11.794872,0.10295,1.17,1.18680907965968,0.034677203319409225,22.790000915527344,4577.10986328125,1,Discretionary,F
1641877200.0,11.794872,0.10295,1.17,1.1822655420498285,0.035379832291701815,18.40999984741211,4713.06982421875,1,Discretionary,F
1641358800.0,11.794872,0.10295,1.17,1.1833649958923922,0.03516880948946154,19.729999542236328,4700.580078125,1,Discretionary,F
1642654800.0,11.794872,0.10295,1.17,1.1824330845418685,0.03842146426654992,25.59000015258789,4482.72998046875,1,Discretionary,F
1641445200.0,11.794872,0.10295,1.17,1.1828525750961607,0.035349000880847935,19.610000610351562,4696.0498046875,1,Discretionary,F
1642050000.0,11.794872,0.10295,1.17,1.1847666309818752,0.03488989079546165,20.309999465942383,4659.02978515625,1,Discretionary,F
1641186000.0,11.794872,0.10295,1.17,1.1844163493824102,0.0294631901910078,16.600000381469727,4796.56005859375,1,Discretionary,F
1669957200.0,25.761467,0.04318,3.27,1.0357937109872646,0.021742732607793348,19.059999465942383,4071.699951171875,0,Discretionary,GM
1700629200.0,25.761467,0.04318,3.27,0.8834938910226999,0.023093091460785947,12.850000381469727,4556.6201171875,0,Discretionary,GM
1659585600.0,25.761467,0.04318,3.27,0.9166420543056587,0.02831707134738718,21.440000534057617,4151.93994140625,0,Discretionary,GM
1712635200.0,25.761467,0.04318,3.27,1.1061730319885892,0.015101586825672435,14.979999542236328,5209.91015625,0,Discretionary,GM
1681876800.0,25.761467,0.04318,3.27,0.9508224382066908,0.02291122831212376,16.459999084472656,4154.52001953125,0,Discretionary,GM
1651032000.0,25.761467,0.04318,3.27,0.8607181625891207,0.02513028149148363,31.600000381469727,4183.9599609375,0,Discretionary,GM
1752724800.0,25.761467,0.04318,3.27,1.040907208596341,0.016519259913365676,16.520000457763672,6297.35986328125,0,Discretionary,GM
1669179600.0,25.761467,0.04318,3.27,1.010465420978263,0.021332959923878816,20.350000381469727,4027.260009765625,0,Discretionary,GM
1709614800.0,25.761467,0.04318,3.27,1.1251438087152186,0.01788595806857916,14.460000038146973,5078.64990234375,0,Discretionary,GM
1746590400.0,25.761467,0.04318,3.27,0.9461484965381288,0.027616651617727563,23.549999237060547,5631.27978515625,0,Discretionary,GM
1764306000.0,25.761467,0.04318,3.27,1.1308082808786613,0.031272442771853426,16.350000381469727,6849.08984375,1,Discretionary,GM
1761537600.0,25.761467,0.04318,3.27,1.0718830974213938,0.031223336984965364,15.789999961853027,6875.16015625,1,Discretionary,GM
1764565200.0,25.761467,0.04318,3.27,1.1344895983871972,0.03136191796143171,17.239999771118164,6812.6298828125,1,Discretionary,GM
1762750800.0,25.761467,0.04318,3.27,1.087056592939515,0.03205849316712856,17.600000381469727,6832.43017578125,1,Discretionary,GM
1761192000.0,25.761467,0.04318,3.27,1.0681360958388015,0.03046855337839689,17.299999237060547,6738.43994140625,1,Discretionary,GM
1765170000.0,25.761467,0.04318,3.27,1.1371181706800038,0.015089798900773674,16.65999984741211,6846.509765625,1,Discretionary,GM
1763614800.0,25.761467,0.04318,3.27,1.108679056949141,0.0312516385723643,26.420000076293945,6538.759765625,1,Discretionary,GM
1764046800.0,25.761467,0.04318,3.27,1.1228671664558862,0.031390305319317836,18.559999465942383,6765.8798828125,1,Discretionary,GM
1761105600.0,25.761467,0.04318,3.27,1.0670327491423697,0.03058176422326459,18.600000381469727,6699.39990234375,1,Discretionary,GM
1761710400.0,25.761467,0.04318,3.27,1.0757786933212448,0.03126179464838958,16.920000076293945,6890.58984375,1,Discretionary,GM
1767675600.0,25.761467,0.04318,3.27,1.15954211070791,0.014055085196952094,14.75,6944.81982421875,2,Discretionary,GM
1765947600.0,25.761467,0.04318,3.27,1.1422109972387375,0.016442953646207594,17.6200008392334,6721.43017578125,2,Discretionary,GM
1767157200.0,25.761467,0.04318,3.27,1.1522350845798366,0.013243566803335197,14.949999809265137,6845.5,2,Discretionary,GM
1769144400.0,25.761467,0.04318,3.27,1.1526043500839267,0.018798127954860893,16.09000015258789,6915.60986328125,2,Discretionary,GM
1769403600.0,25.761467,0.04318,3.27,1.1481694789096697,0.0166843158908984,16.149999618530273,6950.22998046875,2,Discretionary,GM
1770354000.0,25.761467,0.04318,3.27,1.1221168698252586,0.02480421897536046,20.3700008392334,6932.2998046875,2,Discretionary,GM
1770008400.0,25.761467,0.04318,3.27,1.1340908691468712,0.023825465527564003,16.34000015258789,6976.43994140625,2,Discretionary,GM
1768885200.0,25.761467,0.04318,3.27,1.1585400818126868,0.01745685316295591,20.09000015258789,6796.85986328125,2,Discretionary,GM
1768539600.0,25.761467,0.04318,3.27,1.1610542282174552,0.015896148599950054,15.859999656677246,6940.009765625,2,Discretionary,GM
1767848400.0,25.761467,0.04318,3.27,1.162697807091789,0.014565479603627415,15.449999809265137,6921.4599609375,2,Discretionary,GM
1651723200.0,26.25426,1.62909,14.67,0.9084493135921019,0.02243079452606178,31.200000762939453,4146.8701171875,2,Discretionary,HD
1632715200.0,26.25426,1.62909,14.67,1.0243984373235278,0.011219096541923133,18.760000228881836,4443.10986328125,2,Discretionary,HD
1669870800.0,26.25426,1.62909,14.67,1.022533568304975,0.023262531793228465,19.84000015258789,4076.570068359375,2,Discretionary,HD
1673240400.0,26.25426,1.62909,14.67,1.0749470143746809,0.01426877895432902,21.969999313354492,3892.090087890625,2,Discretionary,HD
1641186000.0,26.25426,1.62909,14.67,1.106032728015996,0.013287329062116913,16.600000381469727,4796.56005859375,2,Discretionary,HD
1669352400.0,26.25426,1.62909,14.67,1.006291527115189,0.02385755746094486,20.5,4026.1201171875,2,Discretionary,HD
1665460800.0,26.25426,1.62909,14.67,0.973932048043177,0.020473229753054323,33.630001068115234,3588.840087890625,2,Discretionary,HD
1741237200.0,26.25426,1.62909,14.67,0.9979895293186343,0.014112605032054554,24.8700008392334,5738.52001953125,2,Discretionary,HD
1644901200.0,26.25426,1.62909,14.67,0.9745959599137075,0.017222123620600237,25.700000762939453,4471.06982421875,2,Discretionary,HD
1713844800.0,26.25426,1.62909,14.67,1.0108750826215709,0.014356678133511724,15.6899995803833,5070.5498046875,2,Discretionary,HD
1670216400.0,37.380116,0.17950001,1.71,0.9821399393528827,0.02794248311598171,20.75,3998.840087890625,2,Discretionary,NKE
1730088000.0,37.380116,0.17950001,1.71,1.0412176704202905,0.020675635620687943,19.799999237060547,5823.52001953125,2,Discretionary,NKE
1717646400.0,37.380116,0.17950001,1.71,0.9622555535309173,0.011878640871080502,12.579999923706055,5352.9599609375,2,Discretionary,NKE
1718078400.0,37.380116,0.17950001,1.71,0.9666896527480353,0.011936223969291443,12.850000381469727,5375.31982421875,2,Discretionary,NKE
1697428800.0,37.380116,0.17950001,1.71,0.9271678451514078,0.01646414232944484,17.209999084472656,4373.6298828125,2,Discretionary,NKE
1741752000.0,37.380116,0.17950001,1.71,1.0059821695476894,0.0238810426722771,24.229999542236328,5599.2998046875,2,Discretionary,NKE
1680148800.0,37.380116,0.17950001,1.71,1.0114812334103,0.016867217920390122,19.020000457763672,4050.830078125,2,Discretionary,NKE
1692331200.0,37.380116,0.17950001,1.71,0.9570050569472126,0.010315406445617285,17.299999237060547,4369.7099609375,2,Discretionary,NKE
1685505600.0,37.380116,0.17950001,1.71,0.9856944205251704,0.014775628766621326,17.940000534057617,4179.830078125,2,Discretionary,NKE
1697515200.0,37.380116,0.17950001,1.71,0.9283188173298497,0.016107253646003176,17.8799991607666,4373.2001953125,2,Discretionary,NKE
1770267600.0,82.87499,0.0,1.2,1.0526774145663973,0.017660512534452034,21.770000457763672,6798.39990234375,1,Discretionary,SBUX
1753329600.0,82.87499,0.0,1.2,1.0488850043790225,0.01655681511884793,15.390000343322754,6363.35009765625,1,Discretionary,SBUX
1675832400.0,82.87499,0.0,1.2,1.0800943828266436,0.014568794311303675,19.6299991607666,4117.85986328125,1,Discretionary,SBUX
1653451200.0,82.87499,0.0,1.2,0.8836271362297161,0.03186923898801698,28.3700008392334,3978.72998046875,1,Discretionary,SBUX
1682654400.0,82.87499,0.0,1.2,1.006633597213301,0.009957989699511765,15.779999732971191,4169.47998046875,1,Discretionary,SBUX
1757908800.0,82.87499,0.0,1.2,0.9889905385573569,0.015640865342359537,15.6899995803833,6615.27978515625,1,Discretionary,SBUX
1641531600.0,82.87499,0.0,1.2,0.9998581770170959,0.017344563520514722,18.760000228881836,4677.02978515625,1,Discretionary,SBUX
1739163600.0,82.87499,0.0,1.2,1.0164642714866934,0.01731191444750991,15.8100004196167,6066.43994140625,1,Discretionary,SBUX
1663905600.0,82.87499,0.0,1.2,1.0751791574897787,0.02137689430569204,29.920000076293945,3693.22998046875,1,Discretionary,SBUX
1735794000.0,82.87499,0.0,1.2,1.0027472317188804,0.015362167019519469,17.93000030517578,5868.5498046875,1,Discretionary,SBUX
1679371200.0,27.938515,0.0,11.71,0.9935548961323355,0.009559839440994275,21.3799991607666,4002.8701171875,1,Discretionary,MCD
1634270400.0,27.938515,0.0,11.71,1.0214905291652243,0.008105884985289814,16.299999237060547,4471.3701171875,1,Discretionary,MCD
1742184000.0,27.938515,0.0,11.71,1.0303114881149231,0.016186799259197842,20.510000228881836,5675.1201171875,1,Discretionary,MCD
1748491200.0,27.938515,0.0,11.71,1.0267479984265722,0.011221367206072343,19.18000030517578,5912.169921875,1,Discretionary,MCD
1684209600.0,27.938515,0.0,11.71,1.0586975247658006,0.005371715229882534,17.989999771118164,4109.89990234375,1,Discretionary,MCD
1715918400.0,27.938515,0.0,11.71,0.9598315006459844,0.008297324747632938,11.989999771118164,5303.27001953125,1,Discretionary,MCD
1635307200.0,27.938515,0.0,11.71,1.0197829650716657,0.009636059020194869,16.979999542236328,4551.68017578125,1,Discretionary,MCD
1755835200.0,27.938515,0.0,11.71,0.9952799648416827,0.009879324853772123,14.220000267028809,6466.91015625,1,Discretionary,MCD
1664251200.0,27.938515,0.0,11.71,1.0188646166502555,0.010743331155249825,32.599998474121094,3647.2900390625,1,Discretionary,MCD
1634616000.0,27.938515,0.0,11.71,1.0221271296323367,0.007760514690760717,15.699999809265137,4519.6298828125,1,Discretionary,MCD
1634184000.0,28.985952,0.0,153.77,1.0553524686416118,0.013750730462647605,16.860000610351562,4438.259765625,1,Discretionary,BKNG
1731387600.0,28.985952,0.0,153.77,1.107868748957483,0.01310030207689921,14.710000038146973,5983.990234375,1,Discretionary,BKNG
1733979600.0,28.985952,0.0,153.77,1.164808061501708,0.016130880175296482,13.920000076293945,6051.25,1,Discretionary,BKNG
1639976400.0,28.985952,0.0,153.77,0.9782881007127242,0.026092822375948364,22.8700008392334,4568.02001953125,1,Discretionary,BKNG
1752120000.0,28.985952,0.0,153.77,1.0977657758592003,0.012674289330215952,15.779999732971191,6280.4599609375,1,Discretionary,BKNG
1697428800.0,28.985952,0.0,153.77,1.0422971565508425,0.013571237206541728,17.209999084472656,4373.6298828125,1,Discretionary,BKNG
1686196800.0,28.985952,0.0,153.77,1.0280555138278709,0.01672057252037883,13.649999618530273,4293.93017578125,1,Discretionary,BKNG
1715918400.0,28.985952,0.0,153.77,1.001513504014635,0.013959062942099443,11.989999771118164,5303.27001953125,1,Discretionary,BKNG
1667448000.0,28.985952,0.0,153.77,0.9469586392618047,0.024537169828255025,25.299999237060547,3719.889892578125,1,Discretionary,BKNG
1751860800.0,28.985952,0.0,153.77,1.0964329110434732,0.012536000311464492,17.790000915527344,6229.97998046875,1,Discretionary,BKNG
1657512000.0,16.776978,0.39870998,1.39,0.7667433821454812,0.0687223339392417,26.170000076293945,3854.429931640625,0,Discretionary,NCLH
1655352000.0,16.776978,0.39870998,1.39,0.8129894757247321,0.06339990469944873,32.95000076293945,3666.77001953125,0,Discretionary,NCLH
1665633600.0,16.776978,0.39870998,1.39,1.0575104737690202,0.0594044785058702,31.940000534057617,3669.909912109375,1,Discretionary,NCLH
1661227200.0,16.776978,0.39870998,1.39,0.8726085096058915,0.046606127281716175,24.110000610351562,4128.72998046875,1,Discretionary,NCLH
1664942400.0,16.776978,0.39870998,1.39,1.056894931507761,0.056841696266322926,28.549999237060547,3783.280029296875,1,Discretionary,NCLH
1681704000.0,16.776978,0.39870998,1.39,0.9133486779843883,0.028317612551686158,16.950000762939453,4151.31982421875,1,Discretionary,NCLH
1656043200.0,16.776978,0.39870998,1.39,0.7915731261211242,0.06887679083754747,27.229999542236328,3911.739990234375,1,Discretionary,NCLH
1655179200.0,16.776978,0.39870998,1.39,0.83585836189975,0.059856650964612845,32.689998626708984,3735.47998046875,1,Discretionary,NCLH
1659499200.0,16.776978,0.39870998,1.39,0.759673532604832,0.055459362192125536,21.950000762939453,4155.169921875,1,Discretionary,NCLH
1680235200.0,16.776978,0.39870998,1.39,0.9629073227811499,0.03314537104711968,18.700000762939453,4109.31005859375,1,Discretionary,NCLH
1664856000.0,16.776978,0.39870998,1.39,1.054030161190377,0.05693957292257275,29.06999969482422,3790.929931640625,1,Discretionary,NCLH
1658980800.0,16.776978,0.39870998,1.39,0.7349162972756169,0.06224575885553825,22.329999923706055,4072.429931640625,1,Discretionary,NCLH
1761278400.0,16.776978,0.39870998,1.39,1.0231881210954195,0.015877505676578488,16.3700008392334,6791.68994140625,2,Discretionary,NCLH
1755662400.0,16.776978,0.39870998,1.39,1.1845187422319914,0.0280234532373173,15.6899995803833,6395.77978515625,2,Discretionary,NCLH
1683000000.0,16.776978,0.39870998,1.39,0.9070042626299957,0.03057472100504938,17.780000686645508,4119.580078125,2,Discretionary,NCLH
1712548800.0,16.776978,0.39870998,1.39,1.0657549637686166,0.04412156970797402,15.1899995803833,5202.39013671875,2,Discretionary,NCLH
1691985600.0,16.776978,0.39870998,1.39,1.1946183937902075,0.030260820707421466,14.819999694824219,4489.72021484375,2,Discretionary,NCLH
1768885200.0,16.776978,0.39870998,1.39,1.005912994784761,0.032159072244784245,20.09000015258789,6796.85986328125,2,Discretionary,NCLH
1700629200.0,16.776978,0.39870998,1.39,0.8522523625069958,0.03066739392133229,12.850000381469727,4556.6201171875,2,Discretionary,NCLH
1709269200.0,16.776978,0.39870998,1.39,1.0338709655284855,0.04167205344884038,13.109999656677246,5137.080078125,2,Discretionary,NCLH
1765170000.0,16.776978,0.39870998,1.39,0.8450222155274584,0.03455667818569687,16.65999984741211,6846.509765625,2,Discretionary,NCLH
1684468800.0,16.776978,0.39870998,1.39,0.9292494312939759,0.03207848825613233,16.809999465942383,4191.97998046875,2,Discretionary,NCLH
1656475200.0,22.213116,0.110810004,6.71,1.0861148662286193,0.027450405377516723,28.15999984741211,3818.830078125,0,Energy,XOM
1627444800.0,22.213116,0.110810004,6.71,1.0287056415106874,0.018586737424340544,18.309999465942383,4400.64013671875,0,Energy,XOM
1640149200.0,22.213116,0.110810004,6.71,1.0419821581279078,0.01720192743090395,18.6299991607666,4696.56005859375,0,Energy,XOM
1640667600.0,22.213116,0.110810004,6.71,1.033019919530603,0.017084189087300125,17.540000915527344,4786.35009765625,0,Energy,XOM
1630555200.0,22.213116,0.110810004,6.71,0.9571412811682194,0.016450176015076617,16.40999984741211,4536.9501953125,0,Energy,XOM
1632715200.0,22.213116,0.110810004,6.71,0.9519898725426222,0.019460812278459697,18.760000228881836,4443.10986328125,0,Energy,XOM
1652932800.0,22.213116,0.110810004,6.71,1.0699574546220272,0.02468427490382481,29.350000381469727,3900.7900390625,0,Energy,XOM
1653624000.0,22.213116,0.110810004,6.71,1.072763171905125,0.02344394223044582,25.719999313354492,4158.240234375,0,Energy,XOM
1626840000.0,22.213116,0.110810004,6.71,1.0431371322625174,0.019223706180333137,17.90999984741211,4358.68994140625,0,Energy,XOM
1663646400.0,22.213116,0.110810004,6.71,1.032598871019635,0.01851914859692017,27.15999984741211,3855.929931640625,0,Energy,XOM
1705986000.0,22.213116,0.110810004,6.71,0.9509394938059363,0.011913974359074334,12.550000190734863,4864.60009765625,1,Energy,XOM
1744862400.0,22.213116,0.110810004,6.71,1.01492377175829,0.025728175373764543,29.649999618530273,5282.7001953125,1,Energy,XOM
1698984000.0,22.213116,0.110810004,6.71,1.0146664438796738,0.01859766636432329,14.90999984741211,4358.33984375,1,Energy,XOM
1749182400.0,22.213116,0.110810004,6.71,0.9761990289988032,0.012094970591387897,16.770000457763672,6000.35986328125,1,Energy,XOM
1685419200.0,22.213116,0.110810004,6.71,0.9932628455988979,0.016242667270506172,17.459999084472656,4205.52001953125,1,Energy,XOM
1654488000.0,22.213116,0.110810004,6.71,1.0771323987673371,0.02321120612020248,25.06999969482422,4121.43017578125,1,Energy,XOM
1745985600.0,22.213116,0.110810004,6.71,1.009116309086495,0.02516045693769954,24.700000762939453,5569.06005859375,1,Energy,XOM
1675918800.0,22.213116,0.110810004,6.71,1.0332929976632295,0.01753150470902648,20.709999084472656,4081.5,1,Energy,XOM
1669784400.0,22.213116,0.110810004,6.71,1.1132385728812855,0.016918888585488102,20.579999923706055,4080.110107421875,1,Energy,XOM
1706072400.0,22.213116,0.110810004,6.71,0.9527496140325401,0.012152111974586335,13.140000343322754,4868.5498046875,1,Energy,XOM
1713499200.0,22.213116,0.110810004,6.71,1.0931982423363291,0.008075147720570473,18.709999084472656,4967.22998046875,2,Energy,XOM
1724990400.0,22.213116,0.110810004,6.71,1.0142417555601733,0.0131472749360721,15.0,5648.39990234375,2,Energy,XOM
1722830400.0,22.213116,0.110810004,6.71,0.9948635342405568,0.012602098855079295,38.56999969482422,5186.330078125,2,Energy,XOM
1770267600.0,22.213116,0.110810004,6.71,1.0826279051331469,0.01699395842390896,21.770000457763672,6798.39990234375,2,Energy,XOM
1762750800.0,22.213116,0.110810004,6.71,1.0186840346786379,0.010612823383063949,17.600000381469727,6832.43017578125,2,Energy,XOM
1729224000.0,22.213116,0.110810004,6.71,1.0197462545397828,0.015788684901477848,18.030000686645508,5864.669921875,2,Energy,XOM
1769749200.0,22.213116,0.110810004,6.71,1.064566066803187,0.014912533083341367,17.440000534057617,6939.02978515625,2,Energy,XOM
1763614800.0,22.213116,0.110810004,6.71,1.027547929343028,0.01113318757396602,26.420000076293945,6538.759765625,2,Energy,XOM
1730869200.0,22.213116,0.110810004,6.71,1.0284721190337407,0.014141742114250065,16.270000457763672,5929.0400390625,2,Energy,XOM
1749700800.0,22.213116,0.110810004,6.71,0.9767444157948213,0.012384196078184764,18.020000457763672,6045.259765625,2,Energy,XOM
1629432000.0,27.237953,0.0716,6.64,0.9695722202402318,0.01504118228594747,18.559999465942383,4441.669921875,0,Energy,CVX
1626408000.0,27.237953,0.0716,6.64,1.0078253254214713,0.015057036007513484,18.450000762939453,4327.16015625,0,Energy,CVX
1641272400.0,27.237953,0.0716,6.64,1.0688617359175256,0.013549956480177962,16.90999984741211,4793.5400390625,0,Energy,CVX
1636347600.0,27.237953,0.0716,6.64,1.0717039149735157,0.01085565130680214,17.219999313354492,4701.7001953125,0,Energy,CVX
1633579200.0,27.237953,0.0716,6.64,0.9837634896208187,0.014752206240556698,19.540000915527344,4399.759765625,0,Energy,CVX
1628740800.0,27.237953,0.0716,6.64,0.9783146850701905,0.014588122812609572,15.59000015258789,4460.830078125,0,Energy,CVX
1640754000.0,27.237953,0.0716,6.64,1.0732450182708353,0.013803850190224913,16.950000762939453,4793.06005859375,0,Energy,CVX
1623902400.0,27.237953,0.0716,6.64,1.0319995422251105,0.014880651881725649,17.75,4221.85986328125,0,Energy,CVX
1632283200.0,27.237953,0.0716,6.64,0.9649723942360059,0.014696279871403475,20.8700008392334,4395.64013671875,0,Energy,CVX
1634529600.0,27.237953,0.0716,6.64,1.0076593337109205,0.013827036016585343,16.309999465942383,4486.4599609375,0,Energy,CVX
1658289600.0,27.237953,0.0716,6.64,0.9389981712800872,0.024735839211287195,23.8799991607666,3959.89990234375,1,Energy,CVX
1725940800.0,27.237953,0.0716,6.64,0.9533122912113079,0.01521734839053348,19.079999923706055,5495.52001953125,1,Energy,CVX
1657857600.0,27.237953,0.0716,6.64,0.9548497007129759,0.022999176181786568,24.229999542236328,3863.159912109375,1,Energy,CVX
1642654800.0,27.237953,0.0716,6.64,1.0711705596252286,0.01112132644576835,25.59000015258789,4482.72998046875,1,Energy,CVX
1658721600.0,27.237953,0.0716,6.64,0.921552499908956,0.024968838963905622,23.360000610351562,3966.840087890625,1,Energy,CVX
1643086800.0,27.237953,0.0716,6.64,1.070193684936623,0.013540156110924679,31.15999984741211,4356.4501953125,1,Energy,CVX
1643000400.0,27.237953,0.0716,6.64,1.0698196138810094,0.011404617886324785,29.899999618530273,4410.1298828125,1,Energy,CVX
1699592400.0,27.237953,0.0716,6.64,0.9819822705689406,0.019687083533533045,14.170000076293945,4415.240234375,1,Energy,CVX
1646024400.0,27.237953,0.0716,6.64,1.0998526409989215,0.017464806293691935,30.149999618530273,4373.93994140625,1,Energy,CVX
1702357200.0,27.237953,0.0716,6.64,0.9250738523510299,0.010919091634285394,12.069999694824219,4643.7001953125,1,Energy,CVX
1660017600.0,27.237953,0.0716,6.64,0.9240689637048207,0.023579440118566407,21.770000457763672,4122.47021484375,2,Energy,CVX
1715659200.0,27.237953,0.0716,6.64,1.0488067271487607,0.009929295004591348,13.420000076293945,5246.68017578125,2,Energy,CVX
1758081600.0,27.237953,0.0716,6.64,1.0541504185116184,0.010655621150040942,15.720000267028809,6600.35009765625,2,Energy,CVX
1750219200.0,27.237953,0.0716,6.64,0.9574432871937812,0.010854450735846462,20.139999389648438,5980.8701171875,2,Energy,CVX
1655179200.0,27.237953,0.0716,6.64,1.0645648617912196,0.021617628325799016,32.689998626708984,3735.47998046875,2,Energy,CVX
1692590400.0,27.237953,0.0716,6.64,1.00567544326076,0.01322517108959195,17.1299991607666,4399.77001953125,2,Energy,CVX
1686196800.0,27.237953,0.0716,6.64,0.9724036519443588,0.016049541188293957,13.649999618530273,4293.93017578125,2,Energy,CVX
1686628800.0,27.237953,0.0716,6.64,0.9696238546655356,0.01597892897662483,14.609999656677246,4369.009765625,2,Energy,CVX
1667188800.0,27.237953,0.0716,6.64,1.0364299608168699,0.023900099842387213,25.8799991607666,3871.97998046875,2,Energy,CVX
1758600000.0,27.237953,0.0716,6.64,1.0527434760742558,0.01100466118307991,16.639999389648438,6656.919921875,2,Energy,CVX
1662004800.0,12.548333,0.101940006,6.0,0.9849964037187848,0.017955804257163237,25.559999465942383,3966.85009765625,0,Energy,SHEL
1651550400.0,12.548333,0.101940006,6.0,1.0604094539762559,0.01870132324297028,29.25,4175.47998046875,0,Energy,SHEL
1665720000.0,12.548333,0.101940006,6.0,0.9999172717714251,0.026282449533235382,32.02000045776367,3583.070068359375,0,Energy,SHEL
1649736000.0,12.548333,0.101940006,6.0,1.0627856086459946,0.026119831540370352,24.260000228881836,4397.4501953125,0,Energy,SHEL
1645160400.0,12.548333,0.101940006,6.0,1.0967567654798513,0.015839546117481024,27.75,4348.8701171875,0,Energy,SHEL
1644987600.0,12.548333,0.101940006,6.0,1.0902884091613683,0.015664254665062927,24.290000915527344,4475.009765625,0,Energy,SHEL
1655870400.0,12.548333,0.101940006,6.0,1.0456075362118114,0.022603565702722032,28.950000762939453,3759.889892578125,0,Energy,SHEL
1683259200.0,12.548333,0.101940006,6.0,1.015589479870303,0.017171952710149815,17.190000534057617,4136.25,0,Energy,SHEL
1623988800.0,12.548333,0.101940006,6.0,0.9997563960961727,0.01906111099470665,20.700000762939453,4166.4501953125,0,Energy,SHEL
1641790800.0,12.548333,0.101940006,6.0,0.9953108134292943,0.016661783409822904,19.399999618530273,4670.2900390625,0,Energy,SHEL
1749441600.0,12.548333,0.101940006,6.0,0.9974602606115561,0.010302915590349857,17.15999984741211,6005.8798828125,1,Energy,SHEL
1711944000.0,12.548333,0.101940006,6.0,1.014993526151998,0.007462711412600765,13.649999618530273,5243.77001953125,1,Energy,SHEL
1705035600.0,12.548333,0.101940006,6.0,0.9990123709698205,0.010593861638841805,12.699999809265137,4783.830078125,1,Energy,SHEL
1721620800.0,12.548333,0.101940006,6.0,1.0127891292782611,0.008086621799996713,14.90999984741211,5564.41015625,1,Energy,SHEL
1706763600.0,12.548333,0.101940006,6.0,0.9877813118870302,0.011434500763574629,13.880000114440918,4906.18994140625,1,Energy,SHEL
1708923600.0,12.548333,0.101940006,6.0,0.9776431312962642,0.010585346855333752,13.739999771118164,5069.52978515625,1,Energy,SHEL
1714017600.0,12.548333,0.101940006,6.0,1.064992492026022,0.007651249182375217,15.369999885559082,5048.419921875,1,Energy,SHEL
1743652800.0,12.548333,0.101940006,6.0,1.0515467011617856,0.01216435820843809,30.020000457763672,5396.52001953125,1,Energy,SHEL
1719374400.0,12.548333,0.101940006,6.0,1.0280471573325474,0.01044325354375804,12.550000190734863,5477.89990234375,1,Energy,SHEL
1749614400.0,12.548333,0.101940006,6.0,1.0010535014047104,0.011262194534632886,17.260000228881836,6022.240234375,1,Energy,SHEL
1756094400.0,12.548333,0.101940006,6.0,1.0402733491816891,0.008480710410040965,14.789999961853027,6439.31982421875,2,Energy,SHEL
1763701200.0,12.548333,0.101940006,6.0,1.0225527549208109,0.010352818575459664,23.43000030517578,6602.990234375,2,Energy,SHEL
1768453200.0,12.548333,0.101940006,6.0,0.9986772684734677,0.013463943242493753,15.84000015258789,6944.47021484375,2,Energy,SHEL
1755748800.0,12.548333,0.101940006,6.0,1.0418827554112442,0.008819847633454237,16.600000381469727,6370.169921875,2,Energy,SHEL
1757390400.0,12.548333,0.101940006,6.0,1.0363505818028305,0.007593156194436845,15.039999961853027,6512.60986328125,2,Energy,SHEL
1755144000.0,12.548333,0.101940006,6.0,1.0488803181953261,0.011040437020894961,14.829999923706055,6468.5400390625,2,Energy,SHEL
1767762000.0,12.548333,0.101940006,6.0,1.0024920909122776,0.011886087726534437,15.380000114440918,6920.93017578125,2,Energy,SHEL
1754280000.0,12.548333,0.101940006,6.0,1.0456221904475274,0.012721384786600464,17.520000457763672,6329.93994140625,2,Energy,SHEL
1759723200.0,12.548333,0.101940006,6.0,1.019189428274248,0.009268040574115035,16.3700008392334,6740.27978515625,2,Energy,SHEL
1758513600.0,12.548333,0.101940006,6.0,1.026940645624771,0.007203841308388078,16.100000381469727,6693.75,2,Energy,SHEL
1704862800.0,62.919353,0.03554,0.62,0.9641396698188384,0.011301873583269244,12.6899995803833,4783.4501953125,2,Energy,BP
1658116800.0,62.919353,0.03554,0.62,0.9809941711376671,0.027406455275620446,25.299999237060547,3830.85009765625,2,Energy,BP
1630987200.0,62.919353,0.03554,0.62,0.9658623924037675,0.019718445591153853,18.139999389648438,4520.02978515625,2,Energy,BP
1684987200.0,62.919353,0.03554,0.62,0.9980340471441127,0.018114217394137426,19.139999389648438,4151.27978515625,2,Energy,BP
1705554000.0,62.919353,0.03554,0.62,0.9620778546265216,0.01161519102096491,14.130000114440918,4780.93994140625,2,Energy,BP
1730696400.0,62.919353,0.03554,0.62,0.9504207134821011,0.01848623024255249,21.979999542236328,5712.68994140625,2,Energy,BP
1689739200.0,62.919353,0.03554,0.62,0.966207141086726,0.011941755980404005,13.760000228881836,4565.72021484375,2,Energy,BP
1730955600.0,62.919353,0.03554,0.62,0.9510255652172279,0.01692947948688844,15.199999809265137,5973.10009765625,2,Energy,BP
1654747200.0,62.919353,0.03554,0.62,1.0318728851735095,0.02411852541820962,26.09000015258789,4017.820068359375,2,Energy,BP
1769662800.0,62.919353,0.03554,0.62,1.0045405636219344,0.019997832059902763,16.8799991607666,6969.009765625,2,Energy,BP
1754366400.0,11.927302,0.1223,6.19,1.0315021313219308,0.014173783882986617,17.850000381469727,6299.18994140625,0,Energy,TTE
1717041600.0,11.927302,0.1223,6.19,1.0571577981104012,0.011611136029041654,14.470000267028809,5235.47998046875,0,Energy,TTE
1734066000.0,11.927302,0.1223,6.19,0.9224673890366041,0.012949657670073186,13.8100004196167,6051.08984375,0,Energy,TTE
1709701200.0,11.927302,0.1223,6.19,0.983136315648893,0.011351449263838015,14.5,5104.759765625,0,Energy,TTE
1628740800.0,11.927302,0.1223,6.19,0.9656531831909076,0.014686334587907522,15.59000015258789,4460.830078125,0,Energy,TTE
1662091200.0,11.927302,0.1223,6.19,0.9855916774849379,0.02264241227048635,25.469999313354492,3924.260009765625,0,Energy,TTE
1686888000.0,11.927302,0.1223,6.19,0.980249125283721,0.01533776552888536,13.539999961853027,4409.58984375,0,Energy,TTE
1631505600.0,11.927302,0.1223,6.19,0.9753056839363179,0.013095534132570988,19.3700008392334,4468.72998046875,0,Energy,TTE
1656561600.0,11.927302,0.1223,6.19,1.0666150290000873,0.02206379434819268,28.709999084472656,3785.3798828125,0,Energy,TTE
1710475200.0,11.927302,0.1223,6.19,0.9877253527185011,0.011246782404793498,14.40999984741211,5117.08984375,0,Energy,TTE
1642050000.0,16.948032,0.12357,6.35,1.0435461077771229,0.02072097268957123,20.309999465942383,4659.02978515625,0,Energy,COP
1637902800.0,16.948032,0.12357,6.35,1.146762373606304,0.0193184245300793,28.6200008392334,4594.6201171875,0,Energy,COP
1658203200.0,16.948032,0.12357,6.35,0.9656543283322462,0.036942182708771275,24.5,3936.68994140625,0,Energy,COP
1630382400.0,16.948032,0.12357,6.35,0.9841727727897581,0.019679452116424925,16.479999542236328,4522.68017578125,0,Energy,COP
1635134400.0,16.948032,0.12357,6.35,1.1310528378543507,0.019587107568711248,15.239999771118164,4566.47998046875,0,Energy,COP
1634011200.0,16.948032,0.12357,6.35,1.064023464646836,0.021532159339039878,19.850000381469727,4350.64990234375,0,Energy,COP
1634270400.0,16.948032,0.12357,6.35,1.085936223448711,0.020201339205823093,16.299999237060547,4471.3701171875,0,Energy,COP
1640667600.0,16.948032,0.12357,6.35,1.0539562351614582,0.022528299936016613,17.540000915527344,4786.35009765625,0,Energy,COP
1627444800.0,16.948032,0.12357,6.35,1.053472972854245,0.023542442884331827,18.309999465942383,4400.64013671875,0,Energy,COP
1637211600.0,16.948032,0.12357,6.35,1.1673019709511705,0.016171739484609038,17.59000015258789,4704.5400390625,0,Energy,COP
1658376000.0,16.948032,0.12357,6.35,0.9476244834574913,0.03614018068995867,23.110000610351562,3998.949951171875,1,Energy,COP
1644555600.0,16.948032,0.12357,6.35,1.1139503127081742,0.021002332779880287,27.360000610351562,4418.64013671875,1,Energy,COP
1750910400.0,16.948032,0.12357,6.35,0.9743758015096334,0.017665571313913022,16.59000015258789,6141.02001953125,1,Energy,COP
1750651200.0,16.948032,0.12357,6.35,0.973472436993858,0.018610461733621676,19.829999923706055,6025.169921875,1,Energy,COP
1762405200.0,16.948032,0.12357,6.35,0.9713069604323932,0.016278574753484296,19.5,6720.31982421875,1,Energy,COP
1648440000.0,16.948032,0.12357,6.35,1.144620685406282,0.02298419890331296,19.6299991607666,4575.52001953125,1,Energy,COP
1744776000.0,16.948032,0.12357,6.35,0.9754836194980472,0.03998071663159729,32.63999938964844,5275.7001953125,1,Energy,COP
1757649600.0,16.948032,0.12357,6.35,1.0286342252855565,0.015204293669878625,14.760000228881836,6584.2900390625,1,Energy,COP
1644987600.0,16.948032,0.12357,6.35,1.1263613342966154,0.02103551110683737,24.290000915527344,4475.009765625,1,Energy,COP
1650254400.0,16.948032,0.12357,6.35,1.1287594092788287,0.023330488061465517,22.170000076293945,4391.68994140625,1,Energy,COP
1742184000.0,16.948032,0.12357,6.35,0.9554826282338285,0.02288933775137263,20.510000228881836,5675.1201171875,2,Energy,COP
1769749200.0,16.948032,0.12357,6.35,1.0470420303362582,0.021618726965354027,17.440000534057617,6939.02978515625,2,Energy,COP
1677214800.0,16.948032,0.12357,6.35,0.9642534636260143,0.023512643436534413,21.670000076293945,3970.0400390625,2,Energy,COP
1726632000.0,16.948032,0.12357,6.35,0.9749129042967752,0.014192081355856303,18.229999542236328,5618.259765625,2,Energy,COP
1732597200.0,16.948032,0.12357,6.35,1.0006952227860642,0.01856012683579241,14.100000381469727,6021.6298828125,2,Energy,COP
1695960000.0,16.948032,0.12357,6.35,1.079018299533743,0.01337783833878696,17.520000457763672,4288.0498046875,2,Energy,COP
1669352400.0,16.948032,0.12357,6.35,1.1397982256494825,0.025613257921827007,20.5,4026.1201171875,2,Energy,COP
1721707200.0,16.948032,0.12357,6.35,0.9426614213893912,0.012167241274010176,14.720000267028809,5555.740234375,2,Energy,COP
1677128400.0,16.948032,0.12357,6.35,0.9667649196805914,0.023527142954253056,21.139999389648438,4012.320068359375,2,Energy,COP
1732510800.0,16.948032,0.12357,6.35,0.9995794292501378,0.019892325297256867,14.600000381469727,5987.3701171875,2,Energy,COP
1628654400.0,21.574469,0.13904001,2.35,0.9703153150753833,0.02495150978823376,16.170000076293945,4442.41015625,0,Energy,SLB
1627531200.0,21.574469,0.13904001,2.35,1.0151819320947961,0.02761819290719963,17.700000762939453,4419.14990234375,0,Energy,SLB
1628827200.0,21.574469,0.13904001,2.35,0.9604884928573608,0.024037005679314057,15.449999809265137,4468.0,0,Energy,SLB
1629777600.0,21.574469,0.13904001,2.35,0.928384092523166,0.024290491452062298,17.219999313354492,4486.22998046875,0,Energy,SLB
1640581200.0,21.574469,0.13904001,2.35,0.9954671934308534,0.022980716816349642,17.68000030517578,4791.18994140625,0,Energy,SLB
1639630800.0,21.574469,0.13904001,2.35,1.025379704231203,0.02312245892030732,20.56999969482422,4668.669921875,0,Energy,SLB
1628136000.0,21.574469,0.13904001,2.35,0.9902240145767314,0.024974676146577664,17.280000686645508,4429.10009765625,0,Energy,SLB
1639371600.0,21.574469,0.13904001,2.35,1.0385663637708353,0.023769944727360243,20.309999465942383,4668.97021484375,0,Energy,SLB
1632196800.0,21.574469,0.13904001,2.35,0.9212983134243651,0.024337403780785097,24.360000610351562,4354.18994140625,0,Energy,SLB
1629691200.0,21.574469,0.13904001,2.35,0.9317029393540475,0.02384823790722735,17.149999618530273,4479.52978515625,0,Energy,SLB
1754020800.0,21.574469,0.13904001,2.35,0.9951255648477205,0.02378808975591717,20.3799991607666,6238.009765625,1,Energy,SLB
1744257600.0,21.574469,0.13904001,2.35,0.9901689856124074,0.042271327626715316,40.720001220703125,5268.0498046875,1,Energy,SLB
1755489600.0,21.574469,0.13904001,2.35,1.0008692343051433,0.02016158245901299,14.989999771118164,6449.14990234375,1,Energy,SLB
1755144000.0,21.574469,0.13904001,2.35,1.00562407180165,0.020323447104742216,14.829999923706055,6468.5400390625,1,Energy,SLB
1748836800.0,21.574469,0.13904001,2.35,0.9021145377179275,0.0163082427274185,18.360000610351562,5935.93994140625,1,Energy,SLB
1753070400.0,21.574469,0.13904001,2.35,0.9844826017248522,0.023236280525329677,16.649999618530273,6305.60009765625,1,Energy,SLB
1760068800.0,21.574469,0.13904001,2.35,1.010982954691383,0.016967146693056913,21.65999984741211,6552.509765625,1,Energy,SLB
1656561600.0,21.574469,0.13904001,2.35,1.0262762575106341,0.03657274680629328,28.709999084472656,3785.3798828125,1,Energy,SLB
1749096000.0,21.574469,0.13904001,2.35,0.9067295900466824,0.016775095218540127,18.479999542236328,5939.2998046875,1,Energy,SLB
1656302400.0,21.574469,0.13904001,2.35,1.0357534628233793,0.037826080448109124,26.950000762939453,3900.110107421875,1,Energy,SLB
1668402000.0,21.574469,0.13904001,2.35,1.1971557844198697,0.029972588336116837,23.729999542236328,3957.25,2,Energy,SLB
1739854800.0,21.574469,0.13904001,2.35,0.9920033671235116,0.020123588203051407,15.350000381469727,6129.580078125,2,Energy,SLB
1651723200.0,21.574469,0.13904001,2.35,1.0553831417944997,0.02754921315037744,31.200000762939453,4146.8701171875,2,Energy,SLB
1690344000.0,21.574469,0.13904001,2.35,1.0638618434288374,0.02028222128539165,13.1899995803833,4566.75,2,Energy,SLB
1725422400.0,21.574469,0.13904001,2.35,0.9758614090347443,0.018242830067672983,21.31999969482422,5520.06982421875,2,Energy,SLB
1756785600.0,21.574469,0.13904001,2.35,0.9950336325870094,0.018451762008837906,17.170000076293945,6415.5400390625,2,Energy,SLB
1759291200.0,21.574469,0.13904001,2.35,1.0203083742797048,0.017513564991177715,16.290000915527344,6711.2001953125,2,Energy,SLB
1747713600.0,21.574469,0.13904001,2.35,0.8892888532673247,0.03514768321918292,18.09000015258789,5940.4599609375,2,Energy,SLB
1647230400.0,21.574469,0.13904001,2.35,1.1470270505718454,0.03291080479143812,31.770000457763672,4173.10986328125,2,Energy,SLB
1681790400.0,21.574469,0.13904001,2.35,0.9434856526711244,0.0309290937283255,16.829999923706055,4154.8701171875,2,Energy,SLB
1647403200.0,11.290963,0.18476999,10.07,1.1428783187240779,0.024039556552467263,26.670000076293945,4357.85986328125,0,Energy,EOG
1643691600.0,11.290963,0.18476999,10.07,1.0838627230489069,0.01992611725514586,21.959999084472656,4546.5400390625,0,Energy,EOG
1631851200.0,11.290963,0.18476999,10.07,0.9034100695639643,0.025050321010511932,20.809999465942383,4432.990234375,0,Energy,EOG
1639112400.0,11.290963,0.18476999,10.07,1.1139857901165415,0.024331692326993788,18.690000534057617,4712.02001953125,0,Energy,EOG
1638766800.0,11.290963,0.18476999,10.07,1.1318659512105333,0.024065266514985695,27.18000030517578,4591.669921875,0,Energy,EOG
1632110400.0,11.290963,0.18476999,10.07,0.9047863200158454,0.026018295030775785,25.709999084472656,4357.72998046875,0,Energy,EOG
1642741200.0,11.290963,0.18476999,10.07,1.0570217412142244,0.02066321636707787,28.850000381469727,4397.93994140625,0,Energy,EOG
1633924800.0,11.290963,0.18476999,10.07,0.9991582544916345,0.027685502962862332,20.0,4361.18994140625,0,Energy,EOG
1626926400.0,11.290963,0.18476999,10.07,1.0493048847714859,0.027328531880719188,17.690000534057617,4367.47998046875,0,Energy,EOG
1626667200.0,11.290963,0.18476999,10.07,1.0650370521706487,0.02600002184120327,22.5,4258.490234375,0,Energy,EOG
1769144400.0,11.290963,0.18476999,10.07,0.9796079955801559,0.01836879519882621,16.09000015258789,6915.60986328125,1,Energy,EOG
1708059600.0,11.290963,0.18476999,10.07,0.9477959521735292,0.0145949671696351,14.239999771118164,5005.56982421875,1,Energy,EOG
1724817600.0,11.290963,0.18476999,10.07,1.002963693904268,0.014127371965539063,17.110000610351562,5592.18017578125,1,Energy,EOG
1760932800.0,11.290963,0.18476999,10.07,0.9640475304350459,0.01362920722918566,18.229999542236328,6735.1298828125,1,Energy,EOG
1695960000.0,11.290963,0.18476999,10.07,1.0578336936363526,0.015688401514024872,17.520000457763672,4288.0498046875,1,Energy,EOG
1730088000.0,11.290963,0.18476999,10.07,1.0092893397031888,0.015433494210619415,19.799999237060547,5823.52001953125,1,Energy,EOG
1755144000.0,11.290963,0.18476999,10.07,1.0356717917860694,0.014528395204546891,14.829999923706055,6468.5400390625,1,Energy,EOG
1726459200.0,11.290963,0.18476999,10.07,0.9996501225692894,0.014456503828535734,17.139999389648438,5633.08984375,1,Energy,EOG
1648180800.0,11.290963,0.18476999,10.07,1.1376491938639874,0.02765610089078824,20.809999465942383,4543.06005859375,1,Energy,EOG
1763096400.0,11.290963,0.18476999,10.07,0.9409654936084774,0.010978834332594625,19.829999923706055,6734.10986328125,1,Energy,EOG
1712548800.0,11.290963,0.18476999,10.07,1.0407844787360876,0.008422793793825436,15.1899995803833,5202.39013671875,2,Energy,EOG
1731992400.0,11.290963,0.18476999,10.07,1.0151484464939904,0.01672560814728822,16.350000381469727,5916.97998046875,2,Energy,EOG
1713758400.0,11.290963,0.18476999,10.07,1.079135677903706,0.00994736090499673,16.940000534057617,5010.60009765625,2,Energy,EOG
1721275200.0,11.290963,0.18476999,10.07,0.9784104918694918,0.010664212684780225,15.930000305175781,5544.58984375,2,Energy,EOG
1737954000.0,11.290963,0.18476999,10.07,0.9974044140441339,0.012245574693614298,17.899999618530273,6012.27978515625,2,Energy,EOG
1728273600.0,11.290963,0.18476999,10.07,1.0021823850491198,0.016595199867426053,22.639999389648438,5695.93994140625,2,Energy,EOG
1728878400.0,11.290963,0.18476999,10.07,1.000293189137823,0.0167704225634037,19.700000762939453,5859.85009765625,2,Energy,EOG
1668056400.0,11.290963,0.18476999,10.07,1.1138772202376044,0.026745402040376155,23.530000686645508,3956.3701171875,2,Energy,EOG
1668402000.0,11.290963,0.18476999,10.07,1.122406939942602,0.024178351987977697,23.729999542236328,3957.25,2,Energy,EOG
1669352400.0,11.290963,0.18476999,10.07,1.1262160092476543,0.023823476449674887,20.5,4026.1201171875,2,Energy,EOG
1661918400.0,15.355521,0.24292,13.22,1.0216458134894442,0.019411737867525078,25.8700008392334,3955.0,0,Energy,MPC
1648440000.0,15.355521,0.24292,13.22,1.0942477673522426,0.020092253903513223,19.6299991607666,4575.52001953125,0,Energy,MPC
1688011200.0,15.355521,0.24292,13.22,0.9307871439404063,0.01547892341652981,13.539999961853027,4396.43994140625,0,Energy,MPC
1632888000.0,15.355521,0.24292,13.22,1.0029198608454495,0.02140739102399033,22.559999465942383,4359.4599609375,0,Energy,MPC
1653278400.0,15.355521,0.24292,13.22,1.1116261409818753,0.022893376642972994,28.479999542236328,3973.75,0,Energy,MPC
1685937600.0,15.355521,0.24292,13.22,0.9195243602805362,0.021959936005226215,14.729999542236328,4273.7900390625,0,Energy,MPC
1672290000.0,15.355521,0.24292,13.22,1.0662667608625533,0.02096801125683869,21.440000534057617,3849.280029296875,0,Energy,MPC
1668574800.0,15.355521,0.24292,13.22,1.1164026911002936,0.020781872013325684,24.110000610351562,3958.7900390625,0,Energy,MPC
1678680000.0,15.355521,0.24292,13.22,1.04394976677825,0.023579386253815966,26.520000457763672,3855.760009765625,0,Energy,MPC
1655956800.0,15.355521,0.24292,13.22,1.127570172837236,0.029089982251928676,29.049999237060547,3795.72998046875,0,Energy,MPC
1734584400.0,15.355521,0.24292,13.22,0.9562448633344304,0.016303865407341286,24.09000015258789,5867.080078125,1,Energy,MPC
1690948800.0,15.355521,0.24292,13.22,1.019761959960744,0.012509998836611491,16.09000015258789,4513.39013671875,1,Energy,MPC
1690344000.0,15.355521,0.24292,13.22,0.9943973350033927,0.013654594471458515,13.1899995803833,4566.75,1,Energy,MPC
1741237200.0,15.355521,0.24292,13.22,1.013453366607688,0.026254618633986513,24.8700008392334,5738.52001953125,1,Energy,MPC
1745208000.0,15.355521,0.24292,13.22,0.9563012735674821,0.03951083235411958,33.81999969482422,5158.2001953125,1,Energy,MPC
1681444800.0,15.355521,0.24292,13.22,1.0543787438566465,0.02554049893520777,17.06999969482422,4137.64013671875,1,Energy,MPC
1680062400.0,15.355521,0.24292,13.22,1.0470548797797603,0.021422157088486885,19.1200008392334,4027.81005859375,1,Energy,MPC
1734066000.0,15.355521,0.24292,13.22,0.955870180915485,0.016328703755875952,13.8100004196167,6051.08984375,1,Energy,MPC
1691985600.0,15.355521,0.24292,13.22,1.0751000159067943,0.013469760052001904,14.819999694824219,4489.72021484375,1,Energy,MPC
1678078800.0,15.355521,0.24292,13.22,1.0552490210710848,0.024326256530118575,18.610000610351562,4048.419921875,1,Energy,MPC
1731992400.0,15.355521,0.24292,13.22,0.9445237093001695,0.017123270607470223,16.350000381469727,5916.97998046875,2,Energy,MPC
1707368400.0,15.355521,0.24292,13.22,1.0431460833406556,0.020599733862863623,12.789999961853027,4997.91015625,2,Energy,MPC
1713499200.0,15.355521,0.24292,13.22,1.1578546464626136,0.016458849176611362,18.709999084472656,4967.22998046875,2,Energy,MPC
1729224000.0,15.355521,0.24292,13.22,0.9718595282635295,0.022206035784423702,18.030000686645508,5864.669921875,2,Energy,MPC
1725336000.0,15.355521,0.24292,13.22,0.99400509647184,0.022333026007943686,20.719999313354492,5528.93017578125,2,Energy,MPC
1766466000.0,15.355521,0.24292,13.22,1.011625713187181,0.017899128847593083,14.0,6909.7900390625,2,Energy,MPC
1724212800.0,15.355521,0.24292,13.22,0.9691753740325182,0.0206350546828894,16.270000457763672,5620.85009765625,2,Energy,MPC
1769490000.0,15.355521,0.24292,13.22,0.9350868541911469,0.020041497549925597,16.350000381469727,6978.60009765625,2,Energy,MPC
1731387600.0,15.355521,0.24292,13.22,0.953519173386691,0.024144056295254606,14.710000038146973,5983.990234375,2,Energy,MPC
1755489600.0,15.355521,0.24292,13.22,1.0724036935935843,0.015732892503660133,14.989999771118164,6449.14990234375,2,Energy,MPC
1651118400.0,26.809523,0.082779996,7.56,1.1409874826727644,0.02412563214523432,29.989999771118164,4287.5,0,Energy,VLO
1634184000.0,26.809523,0.082779996,7.56,1.0003293534192002,0.021553301744325203,16.860000610351562,4438.259765625,0,Energy,VLO
1685505600.0,26.809523,0.082779996,7.56,0.8889320964763657,0.019599421450234737,17.940000534057617,4179.830078125,0,Energy,VLO
1660536000.0,26.809523,0.082779996,7.56,0.9379955917014715,0.026759179910614182,19.950000762939453,4297.14013671875,0,Energy,VLO
1627876800.0,26.809523,0.082779996,7.56,0.9573332808992531,0.025553439887006365,19.459999084472656,4387.16015625,0,Energy,VLO
1685937600.0,26.809523,0.082779996,7.56,0.8860362089727916,0.02012831511739441,14.729999542236328,4273.7900390625,0,Energy,VLO
1641445200.0,26.809523,0.082779996,7.56,0.9943032545029713,0.022339015688650665,19.610000610351562,4696.0498046875,0,Energy,VLO
1639976400.0,26.809523,0.082779996,7.56,1.0132357747456757,0.024376930501189564,22.8700008392334,4568.02001953125,0,Energy,VLO
1634616000.0,26.809523,0.082779996,7.56,1.020967857672863,0.021811008125042768,15.699999809265137,4519.6298828125,0,Energy,VLO
1630036800.0,26.809523,0.082779996,7.56,0.89372275574807,0.02530540826177451,16.389999389648438,4509.3701171875,0,Energy,VLO
1675314000.0,26.809523,0.082779996,7.56,1.048959860727489,0.024914807817177625,18.729999542236328,4179.759765625,1,Energy,VLO
1741924800.0,26.809523,0.082779996,7.56,1.0024912009880298,0.024718214997027928,21.770000457763672,5638.93994140625,1,Energy,VLO
1741064400.0,26.809523,0.082779996,7.56,1.0244080143207743,0.02376664744725023,23.510000228881836,5778.14990234375,1,Energy,VLO
1677042000.0,26.809523,0.082779996,7.56,1.0547055711078293,0.025405041948624862,22.290000915527344,3991.050048828125,1,Energy,VLO
1681272000.0,26.809523,0.082779996,7.56,1.0192232856701657,0.029173669428850628,19.09000015258789,4091.949951171875,1,Energy,VLO
1700542800.0,26.809523,0.082779996,7.56,0.965204851172453,0.015841564324251833,13.350000381469727,4538.18994140625,1,Energy,VLO
1729742400.0,26.809523,0.082779996,7.56,0.9500056757800537,0.022045772988524115,19.079999923706055,5809.85986328125,1,Energy,VLO
1698206400.0,26.809523,0.082779996,7.56,1.054351245769145,0.01972119896114581,20.190000534057617,4186.77001953125,1,Energy,VLO
1667361600.0,26.809523,0.082779996,7.56,1.0393681007549533,0.03436844621901436,25.860000610351562,3759.68994140625,1,Energy,VLO
1673931600.0,26.809523,0.082779996,7.56,1.018633625817421,0.025321032320983802,19.360000610351562,3990.969970703125,1,Energy,VLO
1765429200.0,26.809523,0.082779996,7.56,1.08061894120267,0.018983992327558055,14.850000381469727,6901.0,2,Energy,VLO
1737954000.0,26.809523,0.082779996,7.56,0.9622794643020455,0.019497705312785895,17.899999618530273,6012.27978515625,2,Energy,VLO
1714363200.0,26.809523,0.082779996,7.56,1.1502716143440683,0.013724899749103998,14.670000076293945,5116.169921875,2,Energy,VLO
1711944000.0,26.809523,0.082779996,7.56,1.1133139658516018,0.01715957324327002,13.649999618530273,5243.77001953125,2,Energy,VLO
1739941200.0,26.809523,0.082779996,7.56,1.0176185689496433,0.02496200294736017,15.270000457763672,6144.14990234375,2,Energy,VLO
1716177600.0,26.809523,0.082779996,7.56,1.0670218867271786,0.017355432406282845,12.149999618530273,5308.1298828125,2,Energy,VLO
1762837200.0,26.809523,0.082779996,7.56,1.0749448777153339,0.021189794767215078,17.280000686645508,6846.60986328125,2,Energy,VLO
1708491600.0,26.809523,0.082779996,7.56,1.0471626560397793,0.017440888513082734,15.34000015258789,4981.7998046875,2,Energy,VLO
1715054400.0,26.809523,0.082779996,7.56,1.122048904840791,0.01635405996617602,13.229999542236328,5187.7001953125,2,Energy,VLO
1731042000.0,26.809523,0.082779996,7.56,0.9592403179657081,0.023660474090263686,14.9399995803833,5995.5400390625,2,Energy,VLO
1649649600.0,45.86713,0.23661,2.86,1.0287588323934196,0.01217288196296026,24.3700008392334,4412.52978515625,2,Staples,WMT
1768971600.0,45.86713,0.23661,2.86,1.064875988956329,0.012009192716860148,16.899999618530273,6875.6201171875,2,Staples,WMT
1695182400.0,45.86713,0.23661,2.86,1.0307892086162047,0.007490768618283285,15.140000343322754,4402.2001953125,2,Staples,WMT
1700110800.0,45.86713,0.23661,2.86,1.009838710579335,0.017151198588797423,14.319999694824219,4508.240234375,2,Staples,WMT
1668574800.0,45.86713,0.23661,2.86,1.0294769114805833,0.01779744505262855,24.110000610351562,3958.7900390625,2,Staples,WMT
1709874000.0,45.86713,0.23661,2.86,1.0577689394580234,0.009573222530030515,14.739999771118164,5123.68994140625,2,Staples,WMT
1723003200.0,45.86713,0.23661,2.86,1.0683672163524012,0.009656656959235116,27.850000381469727,5199.5,2,Staples,WMT
1734325200.0,45.86713,0.23661,2.86,1.089074259565146,0.01046134730711851,14.6899995803833,6074.080078125,2,Staples,WMT
1634097600.0,45.86713,0.23661,2.86,1.000645594941818,0.006821258432873543,18.639999389648438,4363.7998046875,2,Staples,WMT
1697169600.0,45.86713,0.23661,2.86,1.0199434163812555,0.007723046315387304,19.31999969482422,4327.77978515625,2,Staples,WMT
1646888400.0,26.168875,0.42442,3.02,1.0431515537326836,0.015038200894998997,30.229999542236328,4259.52001953125,2,Staples,KO
1695009600.0,26.168875,0.42442,3.02,0.9865448373747817,0.005966206795859274,14.0,4453.52978515625,2,Staples,KO
1765170000.0,26.168875,0.42442,3.02,1.02751454763166,0.010351703026489618,16.65999984741211,6846.509765625,2,Staples,KO
1680667200.0,26.168875,0.42442,3.02,0.9875865455094692,0.007329878127234253,19.079999923706055,4090.3798828125,2,Staples,KO
1634529600.0,26.168875,0.42442,3.02,0.986036118624271,0.008321819894746302,16.309999465942383,4486.4599609375,2,Staples,KO
1735534800.0,26.168875,0.42442,3.02,0.9425769462375,0.008845870143836197,17.399999618530273,5906.93994140625,2,Staples,KO
1652068800.0,26.168875,0.42442,3.02,1.0418014381064558,0.01105171415408533,34.75,3991.239990234375,2,Staples,KO
1730696400.0,26.168875,0.42442,3.02,1.0137316369227167,0.007804971913559895,21.979999542236328,5712.68994140625,2,Staples,KO
1670216400.0,26.168875,0.42442,3.02,1.0095182182641085,0.012714623944271393,20.75,3998.840087890625,2,Staples,KO
1687492800.0,26.168875,0.42442,3.02,0.9998748826923682,0.00805369347405291,13.4399995803833,4348.330078125,2,Staples,KO
1761796800.0,28.415,0.42848,6.0,1.0242520527390198,0.014551966992694015,16.90999984741211,6822.33984375,2,Staples,PEP
1714622400.0,28.415,0.42848,6.0,1.020796937655358,0.011186055004667985,14.680000305175781,5064.2001953125,2,Staples,PEP
1757044800.0,28.415,0.42848,6.0,1.0658598232773786,0.012400800623219575,15.180000305175781,6481.5,2,Staples,PEP
1702530000.0,28.415,0.42848,6.0,0.9872647615136154,0.008449406859286702,12.479999542236328,4719.5498046875,2,Staples,PEP
1690948800.0,28.415,0.42848,6.0,1.0058464449086821,0.009804464342932096,16.09000015258789,4513.39013671875,2,Staples,PEP
1687492800.0,28.415,0.42848,6.0,1.0214032866249547,0.008539405004985602,13.4399995803833,4348.330078125,2,Staples,PEP
1636084800.0,28.415,0.42848,6.0,1.0157330520259256,0.008618767253401168,16.479999542236328,4697.52978515625,2,Staples,PEP
1689220800.0,28.415,0.42848,6.0,1.0044618618694872,0.008912759440019345,13.609999656677246,4510.0400390625,2,Staples,PEP
1664769600.0,28.415,0.42848,6.0,1.0089280306490953,0.012409095532999327,30.100000381469727,3678.429931640625,2,Staples,PEP
1639717200.0,28.415,0.42848,6.0,1.0373547183087226,0.01158484401371603,21.56999969482422,4620.64013671875,2,Staples,PEP
1625112000.0,53.767986,0.30325,18.62,1.057676417101223,0.009213229416976611,15.479999542236328,4319.93994140625,2,Staples,COST
1686888000.0,53.767986,0.30325,18.62,1.0193647918731974,0.0109919168628502,13.539999961853027,4409.58984375,2,Staples,COST
1646888400.0,53.767986,0.30325,18.62,0.9828420753590947,0.013402475507476048,30.229999542236328,4259.52001953125,2,Staples,COST
1629864000.0,53.767986,0.30325,18.62,1.0844111457924612,0.008021981167513233,16.790000915527344,4496.18994140625,2,Staples,COST
1736312400.0,53.767986,0.30325,18.62,1.0448628811245482,0.008858798625903793,17.700000762939453,5918.25,2,Staples,COST
1724644800.0,53.767986,0.30325,18.62,1.0312838897496555,0.012984732782616165,16.149999618530273,5616.83984375,2,Staples,COST
1684728000.0,53.767986,0.30325,18.62,1.0074542204806458,0.010737985790321312,17.209999084472656,4192.6298828125,2,Staples,COST
1684296000.0,53.767986,0.30325,18.62,1.0076799922191333,0.01170350419920228,16.8700008392334,4158.77001953125,2,Staples,COST
1684123200.0,53.767986,0.30325,18.62,1.009185408483769,0.011483809118843825,17.1200008392334,4136.27978515625,2,Staples,COST
1760068800.0,53.767986,0.30325,18.62,0.9791788725505166,0.011269438216729825,21.65999984741211,6552.509765625,2,Staples,COST
1645678800.0,23.58074,0.31562,6.75,1.03762903608678,0.012082708026603111,30.31999969482422,4288.7001953125,2,Staples,PG
1751515200.0,23.58074,0.31562,6.75,0.9888568794371067,0.008507874218450236,16.3799991607666,6279.35009765625,2,Staples,PG
1762318800.0,23.58074,0.31562,6.75,0.9777741281574218,0.00892882352650928,18.010000228881836,6796.2900390625,2,Staples,PG
1764565200.0,23.58074,0.31562,6.75,0.9783809785399953,0.009971412013970726,17.239999771118164,6812.6298828125,2,Staples,PG
1735189200.0,23.58074,0.31562,6.75,1.009083743354277,0.009098865805799846,14.729999542236328,6037.58984375,2,Staples,PG
1745553600.0,23.58074,0.31562,6.75,0.9968254537990348,0.01800406348310654,24.84000015258789,5525.2099609375,2,Staples,PG
1695355200.0,23.58074,0.31562,6.75,1.0170167830612213,0.007321374679097672,17.200000762939453,4320.06005859375,2,Staples,PG
1756094400.0,23.58074,0.31562,6.75,0.9755274200604922,0.009806220278204648,14.789999961853027,6439.31982421875,2,Staples,PG
1675141200.0,23.58074,0.31562,6.75,1.0552432640416756,0.010015067474032557,19.399999618530273,4076.60009765625,2,Staples,PG
1755144000.0,23.58074,0.31562,6.75,0.9726796931856376,0.009964806709257357,14.829999923706055,6468.5400390625,2,Staples,PG
1639544400.0,0.0,-0.04341,-0.51,1.0468050536595876,0.016815570638195023,19.290000915527344,4709.85009765625,1,Staples,EL
1625544000.0,0.0,-0.04341,-0.51,1.0212866770557067,0.009564388685915212,16.440000534057617,4343.5400390625,1,Staples,EL
1756353600.0,0.0,-0.04341,-0.51,1.16948214824073,0.025337602459973345,14.430000305175781,6501.85986328125,1,Staples,EL
1674536400.0,0.0,-0.04341,-0.51,1.1000694410740008,0.016490468874856393,19.200000762939453,4016.949951171875,1,Staples,EL
1708923600.0,0.0,-0.04341,-0.51,1.0306968683252233,0.030009357229202414,13.739999771118164,5069.52978515625,1,Staples,EL
1644814800.0,0.0,-0.04341,-0.51,0.9601200672878374,0.02458022055202297,28.329999923706055,4401.669921875,1,Staples,EL
1723089600.0,0.0,-0.04341,-0.51,0.8325975976671736,0.016353562865412417,23.790000915527344,5319.31005859375,1,Staples,EL
1663905600.0,0.0,-0.04341,-0.51,1.0043107727732665,0.019466509019073465,29.920000076293945,3693.22998046875,1,Staples,EL
1716177600.0,0.0,-0.04341,-0.51,0.9831791204539377,0.032656563516,12.149999618530273,5308.1298828125,1,Staples,EL
1659326400.0,0.0,-0.04341,-0.51,1.000204302574539,0.02177187203357875,22.84000015258789,4118.6298828125,1,Staples,EL
1730696400.0,35.89734,4.9747,2.63,0.9874090393881807,0.011364782363996816,21.979999542236328,5712.68994140625,2,Staples,CL
1663041600.0,35.89734,4.9747,2.63,1.0214188125933348,0.011748851912181014,27.270000457763672,3932.68994140625,2,Staples,CL
1717646400.0,35.89734,4.9747,2.63,1.0516987191324227,0.008945637534377575,12.579999923706055,5352.9599609375,2,Staples,CL
1750824000.0,35.89734,4.9747,2.63,0.9942120528827887,0.01140215314059883,16.760000228881836,6092.16015625,2,Staples,CL
1735534800.0,35.89734,4.9747,2.63,0.9559152465954237,0.009746256154123799,17.399999618530273,5906.93994140625,2,Staples,CL
1673499600.0,35.89734,4.9747,2.63,1.0425960290193836,0.010141507571532047,18.829999923706055,3983.169921875,2,Staples,CL
1697515200.0,35.89734,4.9747,2.63,0.9651924105730176,0.009757520687453392,17.8799991607666,4373.2001953125,2,Staples,CL
1754020800.0,35.89734,4.9747,2.63,0.9802291731162991,0.010616138204740775,20.3799991607666,6238.009765625,2,Staples,CL
1682049600.0,35.89734,4.9747,2.63,0.9898128541633331,0.008183429645178984,16.770000457763672,4133.52001953125,2,Staples,CL
1623816000.0,35.89734,4.9747,2.63,1.0457565387526302,0.008226582097689603,18.149999618530273,4223.7001953125,2,Staples,CL
1721707200.0,15.873787,0.0,4.12,1.0545913568524996,0.00925969403115194,14.720000267028809,5555.740234375,1,Staples,MO
1686888000.0,15.873787,0.0,4.12,0.9940633907726235,0.007867939426714958,13.539999961853027,4409.58984375,1,Staples,MO
1648180800.0,15.873787,0.0,4.12,1.0622092549871764,0.01650775862496795,20.809999465942383,4543.06005859375,1,Staples,MO
1642654800.0,15.873787,0.0,4.12,1.0344517368573132,0.010665321130844918,25.59000015258789,4482.72998046875,1,Staples,MO
1765861200.0,15.873787,0.0,4.12,0.9314333476528515,0.007789105121457433,16.479999542236328,6800.259765625,1,Staples,MO
1741752000.0,15.873787,0.0,4.12,1.0165891760050154,0.013084439586212356,24.229999542236328,5599.2998046875,1,Staples,MO
1728532800.0,15.873787,0.0,4.12,1.0533016577442311,0.008748127116562568,20.93000030517578,5780.0498046875,1,Staples,MO
1677214800.0,15.873787,0.0,4.12,1.0181170348635171,0.014416256524305927,21.670000076293945,3970.0400390625,1,Staples,MO
1726027200.0,15.873787,0.0,4.12,1.0817787419442573,0.012515305897827646,17.690000534057617,5554.1298828125,1,Staples,MO
1701752400.0,15.873787,0.0,4.12,0.9717596168882536,0.017441590981424195,12.850000381469727,4567.18017578125,1,Staples,MO
1764046800.0,14.006061,0.25094998,8.25,0.9709892076701194,0.02126143791252397,18.559999465942383,6765.8798828125,1,Staples,TGT
1744084800.0,14.006061,0.25094998,8.25,0.8670372957698455,0.027527165080505737,52.33000183105469,4982.77001953125,1,Staples,TGT
1758772800.0,14.006061,0.25094998,8.25,0.9635772723268986,0.017612493217822846,16.739999771118164,6604.72021484375,1,Staples,TGT
1758254400.0,14.006061,0.25094998,8.25,0.9830499463476543,0.017751159344708268,15.449999809265137,6664.35986328125,1,Staples,TGT
1760328000.0,14.006061,0.25094998,8.25,0.925443557655613,0.014507375437377717,19.030000686645508,6654.72021484375,1,Staples,TGT
1744776000.0,14.006061,0.25094998,8.25,0.8389359998412514,0.035032698955973586,32.63999938964844,5275.7001953125,1,Staples,TGT
1757908800.0,14.006061,0.25094998,8.25,0.9981404204264532,0.019257365754881,15.6899995803833,6615.27978515625,1,Staples,TGT
1758513600.0,14.006061,0.25094998,8.25,0.9781653292761172,0.017881431144815916,16.100000381469727,6693.75,1,Staples,TGT
1763960400.0,14.006061,0.25094998,8.25,0.9699623924453089,0.02106404625122222,20.520000457763672,6705.1201171875,1,Staples,TGT
1758686400.0,14.006061,0.25094998,8.25,0.9686651798811038,0.017625095999488614,16.18000030517578,6637.97021484375,1,Staples,TGT
1698379200.0,14.006061,0.25094998,8.25,0.8993201652549054,0.017779242586506674,21.270000457763672,4117.3701171875,2,Staples,TGT
1743134400.0,14.006061,0.25094998,8.25,0.9010880493679881,0.019057934612271045,21.649999618530273,5580.93994140625,2,Staples,TGT
1754971200.0,14.006061,0.25094998,8.25,1.0583518266777958,0.020062263387736482,14.729999542236328,6445.759765625,2,Staples,TGT
1628827200.0,14.006061,0.25094998,8.25,1.1045867074172664,0.008554726126357786,15.449999809265137,4468.0,2,Staples,TGT
1642136400.0,14.006061,0.25094998,8.25,0.9564931077566093,0.015233249918579564,19.190000534057617,4662.85009765625,2,Staples,TGT
1653364800.0,14.006061,0.25094998,8.25,1.0127815510120244,0.048941848491939124,29.450000762939453,3941.47998046875,2,Staples,TGT
1690257600.0,14.006061,0.25094998,8.25,0.9037357221721346,0.015192775001529114,13.859999656677246,4567.4599609375,2,Staples,TGT
1745899200.0,14.006061,0.25094998,8.25,0.8291382625705115,0.035299599913537164,24.170000076293945,5560.830078125,2,Staples,TGT
1623902400.0,14.006061,0.25094998,8.25,1.096895928475817,0.015790687696784402,17.75,4221.85986328125,2,Staples,TGT
1675400400.0,14.006061,0.25094998,8.25,1.0082451714054779,0.015409486411016618,18.329999923706055,4136.47998046875,2,Staples,TGT
1699938000.0,25.180439,0.0,7.26,0.974220395409221,0.012222615215374988,14.15999984741211,4495.7001953125,1,Staples,PM
1741237200.0,25.180439,0.0,7.26,1.0959543904159246,0.022745525866063793,24.8700008392334,5738.52001953125,1,Staples,PM
1683777600.0,25.180439,0.0,7.26,0.9956222370998256,0.012861780137471484,16.93000030517578,4130.6201171875,1,Staples,PM
1646110800.0,25.180439,0.0,7.26,1.0819693490141915,0.017185727533657078,33.31999969482422,4306.259765625,1,Staples,PM
1706677200.0,25.180439,0.0,7.26,1.0206154810467987,0.007960227349874923,14.350000381469727,4845.64990234375,1,Staples,PM
1629691200.0,25.180439,0.0,7.26,1.0218113763379582,0.010366080330749284,17.149999618530273,4479.52978515625,1,Staples,PM
1754971200.0,25.180439,0.0,7.26,1.0022582707677643,0.020597381456362206,14.729999542236328,6445.759765625,1,Staples,PM
1681704000.0,25.180439,0.0,7.26,0.9762936208313242,0.010971870778134841,16.950000762939453,4151.31982421875,1,Staples,PM
1762146000.0,25.180439,0.0,7.26,0.9525754210293241,0.014763365364334289,17.170000076293945,6851.97021484375,1,Staples,PM
1692331200.0,25.180439,0.0,7.26,1.021718533837359,0.007881347318321312,17.299999237060547,4369.7099609375,1,Staples,PM
1685592000.0,97.995964,2.90084,2.48,0.9838643119380657,0.01210093238032191,15.649999618530273,4221.02001953125,2,Industrials,BA
1707368400.0,97.995964,2.90084,2.48,1.0311063941530205,0.02946388220372787,12.789999961853027,4997.91015625,2,Industrials,BA
1631160000.0,97.995964,2.90084,2.48,0.9645832987597153,0.016454405612690255,18.799999237060547,4493.27978515625,2,Industrials,BA
1744344000.0,97.995964,2.90084,2.48,0.9551208997394072,0.04712649053432662,37.560001373291016,5363.35986328125,2,Industrials,BA
1635393600.0,97.995964,2.90084,2.48,0.9775634676694155,0.01540975328233477,16.530000686645508,4596.419921875,2,Industrials,BA
1755576000.0,97.995964,2.90084,2.48,1.1080082823298367,0.016064439570457004,15.569999694824219,6411.3701171875,2,Industrials,BA
1648785600.0,97.995964,2.90084,2.48,0.9427341725051398,0.028494685817665334,19.6299991607666,4545.85986328125,2,Industrials,BA
1689566400.0,97.995964,2.90084,2.48,1.027627075969607,0.01564497493792758,13.479999542236328,4522.7900390625,2,Industrials,BA
1632196800.0,97.995964,2.90084,2.48,0.9510739906233865,0.016498575234393513,24.360000610351562,4354.18994140625,2,Industrials,BA
1734930000.0,97.995964,2.90084,2.48,0.993581105186455,0.01939760245064492,16.780000686645508,5974.06982421875,2,Industrials,BA
1664251200.0,38.607124,0.43526,18.81,0.9723718000838155,0.019126809152307543,32.599998474121094,3647.2900390625,1,Industrials,CAT
1640062800.0,38.607124,0.43526,18.81,1.002304750581545,0.015409612538357449,21.010000228881836,4649.22998046875,2,Industrials,CAT
1705986000.0,38.607124,0.43526,18.81,1.0752978831803572,0.016992237976908544,12.550000190734863,4864.60009765625,2,Industrials,CAT
1756872000.0,38.607124,0.43526,18.81,1.1120510634201983,0.01571564946217015,16.350000381469727,6448.259765625,2,Industrials,CAT
1752638400.0,38.607124,0.43526,18.81,1.1026547789493581,0.01098766204034476,17.15999984741211,6263.7001953125,2,Industrials,CAT
1629345600.0,38.607124,0.43526,18.81,0.9483086140435797,0.016267243124244747,21.670000076293945,4405.7998046875,2,Industrials,CAT
1645678800.0,38.607124,0.43526,18.81,1.0081228431927984,0.017172291585914694,30.31999969482422,4288.7001953125,2,Industrials,CAT
1681185600.0,38.607124,0.43526,18.81,0.9570470498791461,0.023774858612278744,19.100000381469727,4108.93994140625,2,Industrials,CAT
1709096400.0,38.607124,0.43526,18.81,1.1173512204516758,0.01545093343197973,13.84000015258789,5069.759765625,2,Industrials,CAT
1769403600.0,38.607124,0.43526,18.81,1.0873185602343598,0.02191004264056179,16.149999618530273,6950.22998046875,2,Industrials,CAT
1704690000.0,38.607124,0.43526,18.81,1.0336040651548029,0.015556709884641398,13.079999923706055,4763.5400390625,2,Industrials,CAT
1657598400.0,39.8263,0.44692,8.06,0.8594787486932532,0.022608448447304256,27.290000915527344,3818.800048828125,0,Industrials,GE
1670821200.0,39.8263,0.44692,8.06,1.1124549600068883,0.01663047592680795,25.0,3990.56005859375,0,Industrials,GE
1666929600.0,39.8263,0.44692,8.06,0.9700036835621834,0.022067703018821393,25.75,3901.06005859375,0,Industrials,GE
1671512400.0,39.8263,0.44692,8.06,1.1106730110706893,0.01678221328755372,21.479999542236328,3821.6201171875,0,Industrials,GE
1651118400.0,39.8263,0.44692,8.06,0.9646831412996337,0.022772107283139977,29.989999771118164,4287.5,0,Industrials,GE
1653624000.0,39.8263,0.44692,8.06,0.8887870802686395,0.02928127703700977,25.719999313354492,4158.240234375,0,Industrials,GE
1662523200.0,39.8263,0.44692,8.06,1.048146596375838,0.017832416583273277,24.639999389648438,3979.8701171875,0,Industrials,GE
1655438400.0,39.8263,0.44692,8.06,0.8695186376656697,0.024150238928123978,31.1299991607666,3674.840087890625,0,Industrials,GE
1664164800.0,39.8263,0.44692,8.06,1.022937505585078,0.019022204637417717,32.2599983215332,3655.0400390625,0,Industrials,GE
1660276800.0,39.8263,0.44692,8.06,0.9285457440173187,0.018555910070325497,19.530000686645508,4280.14990234375,0,Industrials,GE
1640235600.0,39.8263,0.44692,8.06,0.956875581291421,0.019545608666270267,17.959999084472656,4725.7900390625,1,Industrials,GE
1639371600.0,39.8263,0.44692,8.06,0.9866110957358111,0.020420976220138838,20.309999465942383,4668.97021484375,1,Industrials,GE
1644814800.0,39.8263,0.44692,8.06,0.9836749760492484,0.019783848859777624,28.329999923706055,4401.669921875,1,Industrials,GE
1674018000.0,39.8263,0.44692,8.06,1.1066442572478186,0.021006492855234718,20.34000015258789,3928.860107421875,1,Industrials,GE
1668488400.0,39.8263,0.44692,8.06,1.033879156915973,0.018832074812785704,24.540000915527344,3991.72998046875,1,Industrials,GE
1638939600.0,39.8263,0.44692,8.06,0.9928212404500562,0.020295557069232053,19.899999618530273,4701.2099609375,1,Industrials,GE
1644901200.0,39.8263,0.44692,8.06,0.9857343917972009,0.02111417332983263,25.700000762939453,4471.06982421875,1,Industrials,GE
1667797200.0,39.8263,0.44692,8.06,0.9962848989784735,0.02227403861854295,24.350000381469727,3806.800048828125,1,Industrials,GE
1644469200.0,39.8263,0.44692,8.06,0.9805431842306144,0.019397046159620377,23.90999984741211,4504.080078125,1,Industrials,GE
1640840400.0,39.8263,0.44692,8.06,0.9444345135955141,0.018799604248029074,17.329999923706055,4778.72998046875,1,Industrials,GE
1742443200.0,39.8263,0.44692,8.06,1.0815423030426763,0.01668517086491999,19.799999237060547,5662.89013671875,2,Industrials,GE
1734670800.0,39.8263,0.44692,8.06,0.9883977445246387,0.019207021769554005,18.360000610351562,5930.85009765625,2,Industrials,GE
1765515600.0,39.8263,0.44692,8.06,1.019989368264742,0.016085017158431563,15.739999771118164,6827.41015625,2,Industrials,GE
1683000000.0,39.8263,0.44692,8.06,1.1221908984077695,0.013853361344018579,17.780000686645508,4119.580078125,2,Industrials,GE
1730088000.0,39.8263,0.44692,8.06,1.0813919288992975,0.02079159764513471,19.799999237060547,5823.52001953125,2,Industrials,GE
1720411200.0,39.8263,0.44692,8.06,1.0566173532589511,0.01657227743941578,12.369999885559082,5572.85009765625,2,Industrials,GE
1623816000.0,39.8263,0.44692,8.06,1.0244822387812467,0.01730382636626927,18.149999618530273,4223.7001953125,2,Industrials,GE
1721102400.0,39.8263,0.44692,8.06,1.0358267319696044,0.016134844265107126,13.1899995803833,5667.2001953125,2,Industrials,GE
1767675600.0,39.8263,0.44692,8.06,1.0079362207609204,0.017737214684522638,14.75,6944.81982421875,2,Industrials,GE
1683777600.0,39.8263,0.44692,8.06,1.1082952225886389,0.012340734329292247,16.93000030517578,4130.6201171875,2,Industrials,GE
1709787600.0,17.887196,0.33772,6.56,0.9856860504907352,0.021120023974182674,14.4399995803833,5157.35986328125,2,Industrials,UPS
1725940800.0,17.887196,0.33772,6.56,0.946397014259356,0.010605792227138838,19.079999923706055,5495.52001953125,2,Industrials,UPS
1750996800.0,17.887196,0.33772,6.56,0.9610998680123223,0.01270193173642262,16.31999969482422,6173.06982421875,2,Industrials,UPS
1655352000.0,17.887196,0.33772,6.56,0.9163684148580731,0.019611730318001105,32.95000076293945,3666.77001953125,2,Industrials,UPS
1685505600.0,17.887196,0.33772,6.56,0.9667289802911969,0.02245208333060217,17.940000534057617,4179.830078125,2,Industrials,UPS
1734411600.0,17.887196,0.33772,6.56,1.0108299788234534,0.014268212278424857,15.869999885559082,6050.60986328125,2,Industrials,UPS
1745380800.0,17.887196,0.33772,6.56,0.9122460059744866,0.028633501225955642,28.450000762939453,5375.85986328125,2,Industrials,UPS
1674709200.0,17.887196,0.33772,6.56,1.0307556539145712,0.014129270136103452,18.729999542236328,4060.429931640625,2,Industrials,UPS
1746417600.0,17.887196,0.33772,6.56,0.8852646965811848,0.028808341316744073,23.639999389648438,5650.3798828125,2,Industrials,UPS
1754884800.0,17.887196,0.33772,6.56,0.9955564542052289,0.024893356273327265,16.25,6373.4501953125,2,Industrials,UPS
1677042000.0,20.44463,0.15886,18.06,1.1155715037885494,0.020952130287336876,22.290000915527344,3991.050048828125,0,Industrials,FDX
1666756800.0,20.44463,0.15886,18.06,0.7738301569825867,0.044309463524006755,27.280000686645508,3830.60009765625,0,Industrials,FDX
1666065600.0,20.44463,0.15886,18.06,0.8084109555575903,0.04492320840581518,30.5,3719.97998046875,0,Industrials,FDX
1645592400.0,20.44463,0.15886,18.06,0.992913685537803,0.01177742794609084,31.020000457763672,4225.5,0,Industrials,FDX
1674795600.0,20.44463,0.15886,18.06,1.080243302609244,0.01773013123571854,18.510000228881836,4070.56005859375,0,Industrials,FDX
1662091200.0,20.44463,0.15886,18.06,1.0307255301784923,0.017511671149241903,25.469999313354492,3924.260009765625,0,Industrials,FDX
1667361600.0,20.44463,0.15886,18.06,0.7817206815670066,0.02042429617758704,25.860000610351562,3759.68994140625,0,Industrials,FDX
1646629200.0,20.44463,0.15886,18.06,0.9577356821702744,0.01846869514073099,36.45000076293945,4201.08984375,0,Industrials,FDX
1663214400.0,20.44463,0.15886,18.06,0.9999259951989343,0.019399841739012456,26.270000457763672,3901.35009765625,0,Industrials,FDX
1669611600.0,20.44463,0.15886,18.06,0.8761675725592557,0.019334567228501638,22.209999084472656,3963.93994140625,0,Industrials,FDX
1640840400.0,20.44463,0.15886,18.06,1.0081945482333647,0.01904934537998791,17.329999923706055,4778.72998046875,1,Industrials,FDX
1705986000.0,20.44463,0.15886,18.06,1.0127568609579032,0.024496230065159542,12.550000190734863,4864.60009765625,1,Industrials,FDX
1699506000.0,20.44463,0.15886,18.06,0.9682909699805589,0.015367687172876506,15.289999961853027,4347.35009765625,1,Industrials,FDX
1698638400.0,20.44463,0.15886,18.06,0.9851324248234514,0.01774236067361264,19.75,4166.81982421875,1,Industrials,FDX
1653624000.0,20.44463,0.15886,18.06,0.9420355959172512,0.027213399215081653,25.719999313354492,4158.240234375,1,Industrials,FDX
1645074000.0,20.44463,0.15886,18.06,1.0098232867883123,0.012329891780176523,28.110000610351562,4380.259765625,1,Industrials,FDX
1657080000.0,20.44463,0.15886,18.06,1.0332573484247174,0.03617952403675576,26.729999542236328,3845.080078125,1,Industrials,FDX
1707195600.0,20.44463,0.15886,18.06,0.9838981092864556,0.010432055485707902,13.0600004196167,4954.22998046875,1,Industrials,FDX
1751947200.0,20.44463,0.15886,18.06,0.9935794114916705,0.016329389882198436,16.809999465942383,6225.52001953125,1,Industrials,FDX
1644987600.0,20.44463,0.15886,18.06,1.0152260626465335,0.01204125292698213,24.290000915527344,4475.009765625,1,Industrials,FDX
1738040400.0,20.44463,0.15886,18.06,0.9980451523117105,0.013192596980236853,16.40999984741211,6067.7001953125,2,Industrials,FDX
1766725200.0,20.44463,0.15886,18.06,1.1062939575581123,0.010897582308167467,13.600000381469727,6929.93994140625,2,Industrials,FDX
1628740800.0,20.44463,0.15886,18.06,0.9807566055031994,0.012857548895536468,15.59000015258789,4460.830078125,2,Industrials,FDX
1714363200.0,20.44463,0.15886,18.06,1.0668583522527213,0.018662206496216076,14.670000076293945,5116.169921875,2,Industrials,FDX
1729828800.0,20.44463,0.15886,18.06,0.9555443142761191,0.03131591204077467,20.329999923706055,5808.1201171875,2,Industrials,FDX
1770094800.0,20.44463,0.15886,18.06,1.1254640178401953,0.01690701122147868,18.0,6917.81005859375,2,Industrials,FDX
1721016000.0,20.44463,0.15886,18.06,1.0202178023312223,0.03045769234339804,13.119999885559082,5631.22021484375,2,Industrials,FDX
1763701200.0,20.44463,0.15886,18.06,1.0613863343296885,0.015465366166521527,23.43000030517578,6602.990234375,2,Industrials,FDX
1715659200.0,20.44463,0.15886,18.06,1.0424100954978315,0.011193708979297176,13.420000076293945,5246.68017578125,2,Industrials,FDX
1624248000.0,20.44463,0.15886,18.06,1.0666517218225695,0.015297925973605705,17.889999389648438,4224.7900390625,2,Industrials,FDX
1719979200.0,31.44855,0.28195998,7.58,1.0365127462662147,0.009039404450664526,12.09000015258789,5537.02001953125,2,Industrials,HON
1767157200.0,31.44855,0.28195998,7.58,0.9859839218874017,0.009924375094169977,14.949999809265137,6845.5,2,Industrials,HON
1678338000.0,31.44855,0.28195998,7.58,0.9632925559334821,0.01103190344197008,22.610000610351562,3918.320068359375,2,Industrials,HON
1665547200.0,31.44855,0.28195998,7.58,0.9746865912409595,0.016978158113357174,33.56999969482422,3577.030029296875,2,Industrials,HON
1705467600.0,31.44855,0.28195998,7.58,1.056554528712481,0.009495747443768526,14.789999961853027,4739.2099609375,2,Industrials,HON
1653278400.0,31.44855,0.28195998,7.58,1.0019177137735182,0.018100626867467825,28.479999542236328,3973.75,2,Industrials,HON
1762837200.0,31.44855,0.28195998,7.58,0.966558714165767,0.018294200263699236,17.280000686645508,6846.60986328125,2,Industrials,HON
1750392000.0,31.44855,0.28195998,7.58,1.0562632543706856,0.009923272132433627,20.6200008392334,5967.83984375,2,Industrials,HON
1629864000.0,31.44855,0.28195998,7.58,1.0214115758818687,0.013826874713841236,16.790000915527344,4496.18994140625,2,Industrials,HON
1651204800.0,31.44855,0.28195998,7.58,0.9885117188939285,0.013205135176462313,33.400001525878906,4131.93017578125,2,Industrials,HON
1707368400.0,28.990238,0.76865,21.51,1.0064873461177877,0.010947354786224339,12.789999961853027,4997.91015625,2,Industrials,LMT
1660190400.0,28.990238,0.76865,21.51,0.9631627671576237,0.015378598386026768,20.200000762939453,4207.27001953125,2,Industrials,LMT
1699506000.0,28.990238,0.76865,21.51,0.9926170635116659,0.018640644254565537,15.289999961853027,4347.35009765625,2,Industrials,LMT
1720756800.0,28.990238,0.76865,21.51,1.0194396884459542,0.007231691984967479,12.460000038146973,5615.35009765625,2,Industrials,LMT
1661313600.0,28.990238,0.76865,21.51,0.9790071792666135,0.011292803326762422,22.81999969482422,4140.77001953125,2,Industrials,LMT
1629259200.0,28.990238,0.76865,21.51,0.9773871804635988,0.010549663925592164,21.56999969482422,4400.27001953125,2,Industrials,LMT
1710993600.0,28.990238,0.76865,21.51,0.979982143962362,0.0065857236362625495,12.920000076293945,5241.52978515625,2,Industrials,LMT
1664424000.0,28.990238,0.76865,21.51,1.000037559010829,0.010769677172178086,31.84000015258789,3640.469970703125,2,Industrials,LMT
1705467600.0,28.990238,0.76865,21.51,1.0301869965225923,0.007834052716064454,14.789999961853027,4739.2099609375,2,Industrials,LMT
1642741200.0,28.990238,0.76865,21.51,1.024378028761118,0.008850815589085013,28.850000381469727,4397.93994140625,2,Industrials,LMT
1679371200.0,28.72712,0.75501,6.01,0.9247732772757269,0.01257834582740244,21.3799991607666,4002.8701171875,2,Industrials,MMM
1639026000.0,28.72712,0.75501,6.01,0.9737449077674668,0.011379062281106701,21.579999923706055,4667.4501953125,2,Industrials,MMM
1705899600.0,28.72712,0.75501,6.01,1.0982791465277608,0.010977064539325596,13.1899995803833,4850.43017578125,2,Industrials,MMM
1675832400.0,28.72712,0.75501,6.01,0.9968182873169961,0.022015547562837533,19.6299991607666,4117.85986328125,2,Industrials,MMM
1640235600.0,28.72712,0.75501,6.01,0.9780197109118934,0.012388839741063392,17.959999084472656,4725.7900390625,2,Industrials,MMM
1745294400.0,28.72712,0.75501,6.01,1.005807245700851,0.03476356447162702,30.56999969482422,5287.759765625,2,Industrials,MMM
1702530000.0,28.72712,0.75501,6.01,1.0156568365513248,0.012338202412577626,12.479999542236328,4719.5498046875,2,Industrials,MMM
1642136400.0,28.72712,0.75501,6.01,0.9931372398922202,0.010420138001943986,19.190000534057617,4662.85009765625,2,Industrials,MMM
1654574400.0,28.72712,0.75501,6.01,0.9892130654329937,0.017363823474650222,24.020000457763672,4160.68017578125,2,Industrials,MMM
1731646800.0,28.72712,0.75501,6.01,1.0309638663351886,0.017489423900710774,16.139999389648438,5870.6201171875,2,Industrials,MMM
1742788800.0,31.553572,0.20427999,18.48,1.0590057359035083,0.019793828870697912,17.479999542236328,5767.56982421875,2,Industrials,DE
1649131200.0,31.553572,0.20427999,18.48,1.0524230271004331,0.023939789192038402,21.030000686645508,4525.1201171875,2,Industrials,DE
1629259200.0,31.553572,0.20427999,18.48,0.9963657412284282,0.01551539465292481,21.56999969482422,4400.27001953125,2,Industrials,DE
1709269200.0,31.553572,0.20427999,18.48,1.002394243056544,0.014318518573653991,13.109999656677246,5137.080078125,2,Industrials,DE
1667361600.0,31.553572,0.20427999,18.48,1.0466303718326915,0.019676206325236204,25.860000610351562,3759.68994140625,2,Industrials,DE
1763614800.0,31.553572,0.20427999,18.48,0.9757402271977119,0.011894922132387674,26.420000076293945,6538.759765625,2,Industrials,DE
1755748800.0,31.553572,0.20427999,18.48,1.0093485643656204,0.019169958572094085,16.600000381469727,6370.169921875,2,Industrials,DE
1703739600.0,31.553572,0.20427999,18.48,0.984756313184933,0.016701201599594866,12.470000267028809,4783.35009765625,2,Industrials,DE
1651204800.0,31.553572,0.20427999,18.48,1.0784085999332167,0.019037807216905435,33.400001525878906,4131.93017578125,2,Industrials,DE
1720756800.0,31.553572,0.20427999,18.48,0.9573176035743486,0.014007194097138992,12.460000038146973,5615.35009765625,2,Industrials,DE
1696478400.0,39.971832,0.109519996,4.97,0.8865860931701308,0.016437669557407213,18.489999771118164,4258.18994140625,0,Industrials,RTX
1700542800.0,39.971832,0.109519996,4.97,0.974501087028281,0.016377219703554637,13.350000381469727,4538.18994140625,1,Industrials,RTX
1693886400.0,39.971832,0.109519996,4.97,0.9254768647580195,0.02177472764101403,14.010000228881836,4496.830078125,1,Industrials,RTX
1663646400.0,39.971832,0.109519996,4.97,0.9804987104637283,0.01647475971985868,27.15999984741211,3855.929931640625,1,Industrials,RTX
1696564800.0,39.971832,0.109519996,4.97,0.8832395147866228,0.016583874364421193,17.450000762939453,4308.5,1,Industrials,RTX
1630296000.0,39.971832,0.109519996,4.97,1.0056518136172985,0.014284986047959403,16.190000534057617,4528.7900390625,1,Industrials,RTX
1643000400.0,39.971832,0.109519996,4.97,0.9993264154001399,0.012869056783465822,29.899999618530273,4410.1298828125,1,Industrials,RTX
1696219200.0,39.971832,0.109519996,4.97,0.8966754012614989,0.01666159277096998,17.610000610351562,4288.39013671875,1,Industrials,RTX
1632801600.0,39.971832,0.109519996,4.97,0.9860870273804663,0.010982578978577287,23.25,4352.6298828125,1,Industrials,RTX
1701406800.0,39.971832,0.109519996,4.97,1.0076072147926824,0.016777648348004014,12.630000114440918,4594.6298828125,1,Industrials,RTX
1638853200.0,39.971832,0.109519996,4.97,1.003831667384319,0.017586378361958928,21.889999389648438,4686.75,1,Industrials,RTX
1719374400.0,39.971832,0.109519996,4.97,1.0615064363779496,0.009605162247185505,12.550000190734863,5477.89990234375,2,Industrials,RTX
1727236800.0,39.971832,0.109519996,4.97,1.0794917821536596,0.009140014598557908,15.40999984741211,5722.259765625,2,Industrials,RTX
1641358800.0,39.971832,0.109519996,4.97,0.9805007163029528,0.01831476976588799,19.729999542236328,4700.580078125,2,Industrials,RTX
1646629200.0,39.971832,0.109519996,4.97,1.0584754054994605,0.01601596637691711,36.45000076293945,4201.08984375,2,Industrials,RTX
1725854400.0,39.971832,0.109519996,4.97,1.0862331593502563,0.009226011435235144,19.450000762939453,5471.0498046875,2,Industrials,RTX
1688616000.0,39.971832,0.109519996,4.97,0.9926474825978391,0.011583392685664218,15.4399995803833,4411.58984375,2,Industrials,RTX
1678338000.0,39.971832,0.109519996,4.97,1.0106429308225893,0.00938623570259392,22.610000610351562,3918.320068359375,2,Industrials,RTX
1712548800.0,39.971832,0.109519996,4.97,1.0605145380334278,0.00836233517474225,15.1899995803833,5202.39013671875,2,Industrials,RTX
1731301200.0,39.971832,0.109519996,4.97,1.0507860658372379,0.012086822624914673,14.970000267028809,6001.35009765625,2,Industrials,RTX
1712030400.0,39.971832,0.109519996,4.97,1.0563985014278165,0.0069305637367039616,14.609999656677246,5205.81005859375,2,Industrials,RTX
1696564800.0,27.27744,0.083739996,3.28,0.921793807913834,0.025973059137985047,17.450000762939453,4308.5,1,Utilities,NEE
1696392000.0,27.27744,0.083739996,3.28,0.9315587238279929,0.02556336406409374,18.579999923706055,4263.75,1,Utilities,NEE
1696824000.0,27.27744,0.083739996,3.28,0.9165083990852319,0.025741304679551782,17.700000762939453,4335.66015625,1,Utilities,NEE
1696910400.0,27.27744,0.083739996,3.28,0.9118451045955123,0.027638276135270246,17.030000686645508,4358.240234375,1,Utilities,NEE
1696478400.0,27.27744,0.083739996,3.28,0.926493689231619,0.02553796077181156,18.489999771118164,4258.18994140625,1,Utilities,NEE
1698033600.0,27.27744,0.083739996,3.28,0.8784693264590088,0.029199491249340754,20.3700008392334,4217.0400390625,1,Utilities,NEE
1668142800.0,27.27744,0.083739996,3.28,0.9345638999153355,0.025217031945153612,22.520000457763672,3992.929931640625,2,Utilities,NEE
1679976000.0,27.27744,0.083739996,3.28,0.9366043114343731,0.013971447549557574,19.969999313354492,3971.27001953125,2,Utilities,NEE
1707973200.0,27.27744,0.083739996,3.28,1.0133847910714004,0.017171750037115522,14.010000228881836,5029.72998046875,2,Utilities,NEE
1654488000.0,27.27744,0.083739996,3.28,0.9435632090415599,0.018591937862349535,25.06999969482422,4121.43017578125,2,Utilities,NEE
1694750400.0,27.27744,0.083739996,3.28,0.9443389428428834,0.008360503784890474,13.789999961853027,4450.31982421875,2,Utilities,NEE
1681358400.0,27.27744,0.083739996,3.28,0.9651646548910605,0.011375492960756997,17.799999237060547,4146.22021484375,2,Utilities,NEE
1720152000.0,27.27744,0.083739996,3.28,1.0986768950402528,0.018909492307970715,12.479999542236328,5567.18994140625,2,Utilities,NEE
1718856000.0,27.27744,0.083739996,3.28,1.1429092147283897,0.01828831390972476,13.279999732971191,5473.169921875,2,Utilities,NEE
1633406400.0,27.27744,0.083739996,3.28,1.0536388197573647,0.010545345429884334,21.299999237060547,4345.72021484375,2,Utilities,NEE
1632283200.0,27.27744,0.083739996,3.28,1.0797955418356857,0.011060810535297883,20.8700008392334,4395.64013671875,2,Utilities,NEE
1686628800.0,19.190552,0.09905,6.35,0.9786777090323782,0.010448781075915134,14.609999656677246,4369.009765625,0,Utilities,DUK
1701234000.0,19.190552,0.09905,6.35,0.9914572531607284,0.010493631082768167,12.979999542236328,4550.580078125,0,Utilities,DUK
1685505600.0,19.190552,0.09905,6.35,0.9921365567126946,0.009647100468917817,17.940000534057617,4179.830078125,0,Utilities,DUK
1693454400.0,19.190552,0.09905,6.35,0.9973016390197352,0.010848216543862851,13.569999694824219,4507.66015625,0,Utilities,DUK
1625198400.0,19.190552,0.09905,6.35,1.034881758134767,0.009701454509732019,15.069999694824219,4352.33984375,0,Utilities,DUK
1633924800.0,19.190552,0.09905,6.35,0.9911149389709542,0.010889658107296281,20.0,4361.18994140625,0,Utilities,DUK
1668142800.0,19.190552,0.09905,6.35,0.898166639460635,0.020174222227585734,22.520000457763672,3992.929931640625,0,Utilities,DUK
1699851600.0,19.190552,0.09905,6.35,0.9779809619521604,0.010164666504814273,14.760000228881836,4411.5498046875,0,Utilities,DUK
1668056400.0,19.190552,0.09905,6.35,0.8964174062732864,0.020248431074576554,23.530000686645508,3956.3701171875,0,Utilities,DUK
1684987200.0,19.190552,0.09905,6.35,0.9967377497575804,0.009630687085342588,19.139999389648438,4151.27978515625,0,Utilities,DUK
1671598800.0,19.190552,0.09905,6.35,1.0004819669277671,0.012946928773034208,20.06999969482422,3878.43994140625,1,Utilities,DUK
1683691200.0,19.190552,0.09905,6.35,0.99871632626078,0.010273717717122377,16.940000534057617,4137.64013671875,1,Utilities,DUK
1704171600.0,19.190552,0.09905,6.35,1.0420951837568337,0.008684577289834534,13.199999809265137,4742.830078125,1,Utilities,DUK
1734670800.0,19.190552,0.09905,6.35,0.986947190537544,0.01099052902992602,18.360000610351562,5930.85009765625,1,Utilities,DUK
1703221200.0,19.190552,0.09905,6.35,1.0307806298913889,0.0109640520084145,13.029999732971191,4754.6298828125,1,Utilities,DUK
1641358800.0,19.190552,0.09905,6.35,1.0102943088984215,0.010602307165950786,19.729999542236328,4700.580078125,1,Utilities,DUK
1709874000.0,19.190552,0.09905,6.35,1.0020034185644047,0.012027874680505894,14.739999771118164,5123.68994140625,1,Utilities,DUK
1650600000.0,19.190552,0.09905,6.35,1.056953700202731,0.008038281957401118,28.209999084472656,4271.77978515625,1,Utilities,DUK
1647835200.0,19.190552,0.09905,6.35,1.0079824950044263,0.014018333674021733,23.530000686645508,4461.18017578125,1,Utilities,DUK
1649044800.0,19.190552,0.09905,6.35,1.0271547080794858,0.011083017699356167,18.56999969482422,4582.64013671875,1,Utilities,DUK
1754625600.0,19.190552,0.09905,6.35,1.01250317315452,0.008499828062026068,15.149999618530273,6389.4501953125,2,Utilities,DUK
1764910800.0,19.190552,0.09905,6.35,0.9999143489794455,0.008817418062598009,15.40999984741211,6870.39990234375,2,Utilities,DUK
1730088000.0,19.190552,0.09905,6.35,1.0450676995842594,0.011650673084380237,19.799999237060547,5823.52001953125,2,Utilities,DUK
1769490000.0,19.190552,0.09905,6.35,0.9719509178962606,0.008188411522340603,16.350000381469727,6978.60009765625,2,Utilities,DUK
1758772800.0,19.190552,0.09905,6.35,1.0270818073158245,0.007831068664522751,16.739999771118164,6604.72021484375,2,Utilities,DUK
1742270400.0,19.190552,0.09905,6.35,1.0364998361003908,0.011087136824122415,21.700000762939453,5614.66015625,2,Utilities,DUK
1766466000.0,19.190552,0.09905,6.35,0.9814219706558717,0.01027043589770301,14.0,6909.7900390625,2,Utilities,DUK
1726200000.0,19.190552,0.09905,6.35,1.0710306386091542,0.008522495183837384,16.559999465942383,5626.02001953125,2,Utilities,DUK
1754280000.0,19.190552,0.09905,6.35,1.0055223173108738,0.008740788479339828,17.520000457763672,6329.93994140625,2,Utilities,DUK
1754971200.0,19.190552,0.09905,6.35,1.0157387454426023,0.008611418549301733,14.729999542236328,6445.759765625,2,Utilities,DUK
1678424400.0,22.40796,0.11429,4.02,0.9827548586915766,0.012367284487655604,24.799999237060547,3861.590087890625,1,Utilities,SO
1641877200.0,22.40796,0.11429,4.02,1.0366078754384946,0.010512505138330876,18.40999984741211,4713.06982421875,1,Utilities,SO
1632110400.0,22.40796,0.11429,4.02,1.035024981957941,0.00858412191050592,25.709999084472656,4357.72998046875,1,Utilities,SO
1625112000.0,22.40796,0.11429,4.02,1.01220297113625,0.010528965411245067,15.479999542236328,4319.93994140625,1,Utilities,SO
1666929600.0,22.40796,0.11429,4.02,0.9351864627326066,0.020580186103785265,25.75,3901.06005859375,1,Utilities,SO
1668747600.0,22.40796,0.11429,4.02,0.8999920316646907,0.016868917934746958,23.1200008392334,3965.340087890625,1,Utilities,SO
1655179200.0,22.40796,0.11429,4.02,1.0418965261320985,0.013760445735318774,32.689998626708984,3735.47998046875,1,Utilities,SO
1625025600.0,22.40796,0.11429,4.02,1.01411016980636,0.010010337102916893,15.829999923706055,4297.5,1,Utilities,SO
1677560400.0,22.40796,0.11429,4.02,0.9937085437438801,0.012554545947685493,20.700000762939453,3970.14990234375,1,Utilities,SO
1633406400.0,22.40796,0.11429,4.02,1.0189751809890317,0.008192590173471766,21.299999237060547,4345.72021484375,1,Utilities,SO
1686715200.0,22.40796,0.11429,4.02,1.035257578593622,0.008545003849090339,13.880000114440918,4372.58984375,2,Utilities,SO
1733374800.0,22.40796,0.11429,4.02,1.0018192046940322,0.011360744777953305,13.539999961853027,6075.10986328125,2,Utilities,SO
1718683200.0,22.40796,0.11429,4.02,1.0844679164123805,0.010312060827135493,12.300000190734863,5487.02978515625,2,Utilities,SO
1745812800.0,22.40796,0.11429,4.02,1.041384718771461,0.01266072929185832,25.149999618530273,5528.75,2,Utilities,SO
1726804800.0,22.40796,0.11429,4.02,1.0668508346363594,0.008184124840836112,16.149999618530273,5702.5498046875,2,Utilities,SO
1740027600.0,22.40796,0.11429,4.02,0.9799084768965715,0.015058433777654342,15.65999984741211,6117.52001953125,2,Utilities,SO
1658376000.0,22.40796,0.11429,4.02,0.974645942679444,0.01640110432051246,23.110000610351562,3998.949951171875,2,Utilities,SO
1650340800.0,22.40796,0.11429,4.02,1.0522819595455681,0.012801111591426044,21.3700008392334,4462.2099609375,2,Utilities,SO
1737435600.0,22.40796,0.11429,4.02,0.9539745065875042,0.011131149586644323,15.0600004196167,6049.240234375,2,Utilities,SO
1683864000.0,22.40796,0.11429,4.02,1.0587870986251913,0.009486117613188301,17.030000686645508,4124.080078125,2,Utilities,SO
1697169600.0,20.369282,0.09204,3.06,0.9279683530765063,0.01821232862756959,19.31999969482422,4327.77978515625,0,Utilities,D
1698206400.0,20.369282,0.09204,3.06,0.9125540923878726,0.018121912068144987,20.190000534057617,4186.77001953125,0,Utilities,D
1697428800.0,20.369282,0.09204,3.06,0.9262393474417914,0.0182797661027382,17.209999084472656,4373.6298828125,0,Utilities,D
1706158800.0,20.369282,0.09204,3.06,1.0504878875627828,0.013974516608560476,13.449999809265137,4894.16015625,0,Utilities,D
1697688000.0,20.369282,0.09204,3.06,0.9227018826245439,0.018262736805220236,21.399999618530273,4278.0,0,Utilities,D
1697515200.0,20.369282,0.09204,3.06,0.9251517584112288,0.017948294292796,17.8799991607666,4373.2001953125,0,Utilities,D
1695960000.0,20.369282,0.09204,3.06,0.9521264491188496,0.013723558061655759,17.520000457763672,4288.0498046875,0,Utilities,D
1699333200.0,20.369282,0.09204,3.06,0.8938625302008351,0.02281512898593289,14.8100004196167,4378.3798828125,0,Utilities,D
1696564800.0,20.369282,0.09204,3.06,0.9415408940126268,0.017322550375820648,17.450000762939453,4308.5,0,Utilities,D
1700542800.0,20.369282,0.09204,3.06,0.9289187215920193,0.020867641431209966,13.350000381469727,4538.18994140625,0,Utilities,D
1720411200.0,20.369282,0.09204,3.06,1.023135400564472,0.011487749443278317,12.369999885559082,5572.85009765625,1,Utilities,D
1710820800.0,20.369282,0.09204,3.06,1.003713949961745,0.021767585170875545,13.819999694824219,5178.509765625,1,Utilities,D
1715140800.0,20.369282,0.09204,3.06,1.0502220748159967,0.013680767195780624,13.0,5187.669921875,1,Utilities,D
1702270800.0,20.369282,0.09204,3.06,1.0024361744021837,0.018543032033472358,12.630000114440918,4622.43994140625,1,Utilities,D
1684900800.0,20.369282,0.09204,3.06,0.980530157402614,0.012568777595745591,20.030000686645508,4115.240234375,1,Utilities,D
1712635200.0,20.369282,0.09204,3.06,1.0294140530227578,0.0202088028543782,14.979999542236328,5209.91015625,1,Utilities,D
1713931200.0,20.369282,0.09204,3.06,1.0381659007083417,0.015605248545929314,15.970000267028809,5071.6298828125,1,Utilities,D
1692590400.0,20.369282,0.09204,3.06,0.971753799743717,0.013990606573852203,17.1299991607666,4399.77001953125,1,Utilities,D
1715832000.0,20.369282,0.09204,3.06,1.0601276924368623,0.011747123888122157,12.420000076293945,5297.10009765625,1,Utilities,D
1708664400.0,20.369282,0.09204,3.06,1.005252784966529,0.01633911594706205,13.75,5088.7998046875,1,Utilities,D
1735621200.0,20.369282,0.09204,3.06,0.98159850236995,0.009174559637547713,17.350000381469727,5881.6298828125,2,Utilities,D
1627272000.0,20.369282,0.09204,3.06,0.9901081573736062,0.011514104411518608,17.579999923706055,4422.2998046875,2,Utilities,D
1645160400.0,20.369282,0.09204,3.06,1.0343403287800916,0.009615868630854757,27.75,4348.8701171875,2,Utilities,D
1641358800.0,20.369282,0.09204,3.06,1.0132875897834246,0.013961951920871227,19.729999542236328,4700.580078125,2,Utilities,D
1661400000.0,20.369282,0.09204,3.06,1.0064555167869382,0.011503580732263576,21.780000686645508,4199.1201171875,2,Utilities,D
1672290000.0,20.369282,0.09204,3.06,0.8818183858147298,0.012278952572067394,21.440000534057617,3849.280029296875,2,Utilities,D
1729828800.0,20.369282,0.09204,3.06,1.063479626328473,0.013654903295802339,20.329999923706055,5808.1201171875,2,Utilities,D
1742875200.0,20.369282,0.09204,3.06,1.0082567333749672,0.01602612624432234,17.149999618530273,5776.64990234375,2,Utilities,D
1667883600.0,20.369282,0.09204,3.06,0.8810086180607016,0.024620704334294537,25.540000915527344,3828.110107421875,2,Utilities,D
1629432000.0,20.369282,0.09204,3.06,0.9965289293011367,0.009648384615509426,18.559999465942383,4441.669921875,2,Utilities,D
1691985600.0,17.686678,0.12923001,6.83,0.9753317412696615,0.011923398660875885,14.819999694824219,4489.72021484375,0,Utilities,AEP
1709787600.0,17.686678,0.12923001,6.83,1.0130833074387586,0.014354868691135291,14.4399995803833,5157.35986328125,0,Utilities,AEP
1655870400.0,17.686678,0.12923001,6.83,1.0182759036833022,0.014652099927498049,28.950000762939453,3759.889892578125,0,Utilities,AEP
1698120000.0,17.686678,0.12923001,6.83,0.9495874349904828,0.01638659763684881,18.969999313354492,4247.68017578125,0,Utilities,AEP
1708923600.0,17.686678,0.12923001,6.83,1.0041943232295165,0.013350376861894248,13.739999771118164,5069.52978515625,0,Utilities,AEP
1699419600.0,17.686678,0.12923001,6.83,0.9492694524381345,0.0164894636428914,14.449999809265137,4382.77978515625,0,Utilities,AEP
1634875200.0,17.686678,0.12923001,6.83,0.973817999852084,0.009839563910221422,15.430000305175781,4544.89990234375,0,Utilities,AEP
1718337600.0,17.686678,0.12923001,6.83,1.0589504909618872,0.009517617468947899,12.65999984741211,5431.60009765625,0,Utilities,AEP
1719547200.0,17.686678,0.12923001,6.83,1.038090744746702,0.009374096012897093,12.4399995803833,5460.47998046875,0,Utilities,AEP
1704690000.0,17.686678,0.12923001,6.83,1.044802260976222,0.012087329305500548,13.079999923706055,4763.5400390625,0,Utilities,AEP
1725940800.0,17.686678,0.12923001,6.83,1.0711523943032275,0.011740087756682283,19.079999923706055,5495.52001953125,1,Utilities,AEP
1747713600.0,17.686678,0.12923001,6.83,1.0205351786301933,0.013926249005579218,18.09000015258789,5940.4599609375,1,Utilities,AEP
1721188800.0,17.686678,0.12923001,6.83,1.0224926256072966,0.009247644006278689,14.479999542236328,5588.27001953125,1,Utilities,AEP
1742961600.0,17.686678,0.12923001,6.83,1.0657105706821652,0.013503576811109669,18.329999923706055,5712.2001953125,1,Utilities,AEP
1660017600.0,17.686678,0.12923001,6.83,0.9807610115767489,0.012464412283860204,21.770000457763672,4122.47021484375,1,Utilities,AEP
1672376400.0,17.686678,0.12923001,6.83,1.0232370124720216,0.013173664312392622,21.670000076293945,3839.5,1,Utilities,AEP
1732078800.0,17.686678,0.12923001,6.83,0.9923042854493791,0.013946943083787576,17.15999984741211,5917.10986328125,1,Utilities,AEP
1747195200.0,17.686678,0.12923001,6.83,1.028807181565593,0.015554114158880371,18.6200008392334,5892.580078125,1,Utilities,AEP
1726200000.0,17.686678,0.12923001,6.83,1.0703314672743638,0.010378753962484518,16.559999465942383,5626.02001953125,1,Utilities,AEP
1649304000.0,17.686678,0.12923001,6.83,1.0706684258199013,0.013108384151342167,21.549999237060547,4500.2099609375,1,Utilities,AEP
1769490000.0,17.686678,0.12923001,6.83,0.9973661452582671,0.008841718883034503,16.350000381469727,6978.60009765625,2,Utilities,AEP
1756785600.0,17.686678,0.12923001,6.83,1.0552354733245826,0.011251727191837115,17.170000076293945,6415.5400390625,2,Utilities,AEP
1741579200.0,17.686678,0.12923001,6.83,1.0555075087578065,0.015651130217771675,27.860000610351562,5614.56005859375,2,Utilities,AEP
1758859200.0,17.686678,0.12923001,6.83,1.0295677006340764,0.008776698026914586,15.289999961853027,6643.7001953125,2,Utilities,AEP
1761192000.0,17.686678,0.12923001,6.83,1.030840346138844,0.009745808093246742,17.299999237060547,6738.43994140625,2,Utilities,AEP
1753243200.0,17.686678,0.12923001,6.83,1.000139319444953,0.008718908119020917,15.369999885559082,6358.91015625,2,Utilities,AEP
1754366400.0,17.686678,0.12923001,6.83,1.0198979273140225,0.011466930453208866,17.850000381469727,6299.18994140625,2,Utilities,AEP
1746590400.0,17.686678,0.12923001,6.83,1.0419586651965695,0.01474897114654995,23.549999237060547,5631.27978515625,2,Utilities,AEP
1760673600.0,17.686678,0.12923001,6.83,1.0264659439838564,0.00957377978368023,20.780000686645508,6664.009765625,2,Utilities,AEP
1769144400.0,17.686678,0.12923001,6.83,0.9971380238619697,0.008947077761933497,16.09000015258789,6915.60986328125,2,Utilities,AEP
1770008400.0,39.811047,0.06127,3.44,1.0359055604741523,0.01176368400421005,16.34000015258789,6976.43994140625,2,Utilities,PLD
1669784400.0,39.811047,0.06127,3.44,0.9500677399644452,0.025312923439200993,20.579999923706055,4080.110107421875,2,Utilities,PLD
1641963600.0,39.811047,0.06127,3.44,1.0954037509125136,0.013135619075488908,17.6200008392334,4726.35009765625,2,Utilities,PLD
1674709200.0,39.811047,0.06127,3.44,1.0562738819596522,0.020754093954187064,18.729999542236328,4060.429931640625,2,Utilities,PLD
1641358800.0,39.811047,0.06127,3.44,1.1004635955009492,0.014975070872527675,19.729999542236328,4700.580078125,2,Utilities,PLD
1683000000.0,39.811047,0.06127,3.44,0.9988079464366181,0.016549555059441525,17.780000686645508,4119.580078125,2,Utilities,PLD
1666756800.0,39.811047,0.06127,3.44,0.8844152375451972,0.024180318730495868,27.280000686645508,3830.60009765625,2,Utilities,PLD
1751256000.0,39.811047,0.06127,3.44,0.9930373221783221,0.012811254200404567,16.729999542236328,6204.9501953125,2,Utilities,PLD
1672376400.0,39.811047,0.06127,3.44,1.02082885291815,0.019436096736268893,21.670000076293945,3839.5,2,Utilities,PLD
1738040400.0,39.811047,0.06127,3.44,0.9494198711318189,0.021440108628867572,16.40999984741211,6067.7001953125,2,Utilities,PLD
1738558800.0,27.31579,0.28839,6.27,0.9084598380673014,0.020404857946165117,18.6200008392334,5994.56982421875,2,Utilities,AMT
1677646800.0,27.31579,0.28839,6.27,1.008239169163333,0.015032048756053077,20.579999923706055,3951.389892578125,2,Utilities,AMT
1670389200.0,27.31579,0.28839,6.27,0.9264285731918582,0.023491863240569493,22.68000030517578,3933.919921875,2,Utilities,AMT
1714968000.0,27.31579,0.28839,6.27,0.940180747314247,0.01745114301641249,13.489999771118164,5180.740234375,2,Utilities,AMT
1674709200.0,27.31579,0.28839,6.27,1.0298506202994067,0.017758759611617513,18.729999542236328,4060.429931640625,2,Utilities,AMT
1761710400.0,27.31579,0.28839,6.27,0.9337049363564215,0.012320058930483224,16.920000076293945,6890.58984375,2,Utilities,AMT
1756094400.0,27.31579,0.28839,6.27,0.9960328786126557,0.015015516838502099,14.789999961853027,6439.31982421875,2,Utilities,AMT
1720411200.0,27.31579,0.28839,6.27,1.0233026808775905,0.013534276682718335,12.369999885559082,5572.85009765625,2,Utilities,AMT
1694491200.0,27.31579,0.28839,6.27,0.9705322236647487,0.012248397858717995,14.229999542236328,4461.89990234375,2,Utilities,AMT
1765256400.0,27.31579,0.28839,6.27,0.9438550058504608,0.014550118332464192,16.93000030517578,6840.509765625,2,Utilities,AMT
1711425600.0,78.095764,0.077,10.86,1.0466829793742103,0.017018398827435475,13.239999771118164,5203.580078125,2,Utilities,EQIX
1718164800.0,78.095764,0.077,10.86,0.9478979953451525,0.025418952698100253,12.039999961853027,5421.02978515625,2,Utilities,EQIX
1662609600.0,78.095764,0.077,10.86,1.0262546367280472,0.02299284685950739,23.610000610351562,4006.179931640625,2,Utilities,EQIX
1654142400.0,78.095764,0.077,10.86,0.9752899229216188,0.02907429657362558,24.719999313354492,4176.81982421875,2,Utilities,EQIX
1770267600.0,78.095764,0.077,10.86,1.0066258089780291,0.011642552749484298,21.770000457763672,6798.39990234375,2,Utilities,EQIX
1715572800.0,78.095764,0.077,10.86,0.9246964338713088,0.02645091349065263,13.600000381469727,5221.419921875,2,Utilities,EQIX
1673586000.0,78.095764,0.077,10.86,1.091432393011631,0.017406687587033433,18.350000381469727,3999.090087890625,2,Utilities,EQIX
1649649600.0,78.095764,0.077,10.86,0.9761653213211147,0.01868243042027743,24.3700008392334,4412.52978515625,2,Utilities,EQIX
1705986000.0,78.095764,0.077,10.86,1.045448361659582,0.010131794209449242,12.550000190734863,4864.60009765625,2,Utilities,EQIX
1641531600.0,78.095764,0.077,10.86,1.0034312996094918,0.014877420600803168,18.760000228881836,4677.02978515625,2,Utilities,EQIX
1769749200.0,32.095238,0.0,2.52,0.965303533233281,0.014807481735338185,17.440000534057617,6939.02978515625,1,Utilities,CCI
1690171200.0,32.095238,0.0,2.52,0.9555828363954547,0.01953219115195519,13.90999984741211,4554.64013671875,1,Utilities,CCI
1699246800.0,32.095238,0.0,2.52,0.9224218349721464,0.022205082309516965,14.890000343322754,4365.97998046875,1,Utilities,CCI
1745380800.0,32.095238,0.0,2.52,1.083307978148296,0.028371717412608074,28.450000762939453,5375.85986328125,1,Utilities,CCI
1686196800.0,32.095238,0.0,2.52,0.9094212586045767,0.01479732236948805,13.649999618530273,4293.93017578125,1,Utilities,CCI
1713931200.0,32.095238,0.0,2.52,0.9475221545109755,0.013657416017579378,15.970000267028809,5071.6298828125,1,Utilities,CCI
1667448000.0,32.095238,0.0,2.52,0.8485576053929564,0.023438531709113943,25.299999237060547,3719.889892578125,1,Utilities,CCI
1643864400.0,32.095238,0.0,2.52,1.0357160621745312,0.02140009072863757,24.350000381469727,4477.43994140625,1,Utilities,CCI
1684123200.0,32.095238,0.0,2.52,0.9418090850763712,0.016304488558291277,17.1200008392334,4136.27978515625,1,Utilities,CCI
1705381200.0,32.095238,0.0,2.52,1.130302704368579,0.010371255711960533,13.84000015258789,4765.97998046875,1,Utilities,CCI
1749528000.0,59.093456,0.02488,1.07,1.0078703019380044,0.00889751589041378,16.950000762939453,6038.81005859375,2,Utilities,O
1628654400.0,59.093456,0.02488,1.07,1.0208370073736552,0.008471722373029917,16.170000076293945,4442.41015625,2,Utilities,O
1680667200.0,59.093456,0.02488,1.07,0.9803414363871383,0.014102703331195569,19.079999923706055,4090.3798828125,2,Utilities,O
1701925200.0,59.093456,0.02488,1.07,0.983096318546616,0.018609762084129174,13.0600004196167,4585.58984375,2,Utilities,O
1748404800.0,59.093456,0.02488,1.07,1.0172624178028735,0.00981553629095163,19.309999465942383,5888.5498046875,2,Utilities,O
1625198400.0,59.093456,0.02488,1.07,1.0425054491397103,0.011067381770401811,15.069999694824219,4352.33984375,2,Utilities,O
1626321600.0,59.093456,0.02488,1.07,1.0313134803581836,0.00971112362685647,17.010000228881836,4360.02978515625,2,Utilities,O
1759291200.0,59.093456,0.02488,1.07,1.0314227106827845,0.007931319589162603,16.290000915527344,6711.2001953125,2,Utilities,O
1728360000.0,59.093456,0.02488,1.07,1.0757702335948385,0.007866077972011363,21.420000076293945,5751.1298828125,2,Utilities,O
1634875200.0,59.093456,0.02488,1.07,0.9862686187040733,0.010438758954754155,15.430000305175781,4544.89990234375,2,Utilities,O
